Workbook

Sheet Roadmap
B2: =IF('Data Entry'!$B$2="","",'Data Entry'!$B$2) -> Roadmap --- Ø 9-7/8" 616-XR9(K)(BR)
B5: =IF('Data Entry'!$B$4="","",'Data Entry'!$B$4) -> Delaware --- Intermediate
H7: ='Data Entry'!L7 -> 0.13 | O7: On Bottom
B8: Σ Measured Depth | C8: Formation | D8: Characteristics | E8: WOB | F8: Rotary | G8: Total | H8: Flow | I8: Expected ROP | M8: DOC | N8: UCS | O8: Section | P8: Cumulative
B9: (ft) | E9: (KLBS) | F9: (rpm) | G9: (rpm) | H9: (GPM) | I9: (ft/hr) | M9: (in/rev) | N9: kpsi | O9: (hrs) | P9: (hrs) | Q9: ROP
B10: =CONCATENATE('Data Entry'!B10, " - ",'Data Entry'!C10) -> 2000 - 4855 | C10: =IF('Data Entry'!D10="","",'Data Entry'!D10) -> Rustler (Salt) | D10: =IF('Data Entry'!E10="","",'Data Entry'!E10) -> Anhydrite / Limestone / Red Shale and Limestone | E10: =IF(AND('Data Entry'!F10>0,'Data Entry'!G10>0),CONCATENATE('Data Entry'!F10," - ",'Data Entry'!G10),CONCATENATE('Data Entry'!F10,'Data Entry'!G10)) -> 40 - 45 | F10: =IF(AND('Data Entry'!H10>0,'Data Entry'!I10>0),CONCATENATE('Data Entry'!H10," - ",'Data Entry'!I10),CONCATENATE('Data Entry'!H10,'Data Entry'!I10)) -> 70 - 80 | G10: =IF(AND('Data Entry'!J10>0,'Data Entry'!K10>0),CONCATENATE('Data Entry'!J10," - ",'Data Entry'!K10),CONCATENATE('Data Entry'!J10,'Data Entry'!K10)) -> 194 - 204 | H10: =IF('Data Entry'!L10="","",'Data Entry'!L10) -> 950 | I10: =IF(AND('Data Entry'!M10>0,'Data Entry'!N10>0),CONCATENATE('Data Entry'!M10," - ",'Data Entry'!N10),CONCATENATE('Data Entry'!M10,'Data Entry'!N10)) -> 350 - 380 | K10: =IFERROR(AVERAGE('Data Entry'!M10,'Data Entry'!N10),"") -> 365 | M10: ='Data Entry'!O10 -> 0.36683417 | N10: 8-12 | O10: ='Data Entry'!Q10 -> 7.8219178 | P10: ='Data Entry'!R10 -> 7.8219178 | Q10: ='Data Entry'!S10 -> 365
B11: =CONCATENATE('Data Entry'!B11, " - ",'Data Entry'!C11) -> 4855 - 4880 | C11: =IF('Data Entry'!D11="","",'Data Entry'!D11) -> Lamar (Delaware) | D11: =IF('Data Entry'!E11="","",'Data Entry'!E11) -> Limey Shale | E11: =IF(AND('Data Entry'!F11>0,'Data Entry'!G11>0),CONCATENATE('Data Entry'!F11," - ",'Data Entry'!G11),CONCATENATE('Data Entry'!F11,'Data Entry'!G11)) -> 45 - 50 | F11: =IF(AND('Data Entry'!H11>0,'Data Entry'!I11>0),CONCATENATE('Data Entry'!H11," - ",'Data Entry'!I11),CONCATENATE('Data Entry'!H11,'Data Entry'!I11)) -> 60 - 80 | G11: =IF(AND('Data Entry'!J11>0,'Data Entry'!K11>0),CONCATENATE('Data Entry'!J11," - ",'Data Entry'!K11),CONCATENATE('Data Entry'!J11,'Data Entry'!K11)) -> 184 - 204 | H11: =IF('Data Entry'!L11="","",'Data Entry'!L11) -> 950 | I11: =IF(AND('Data Entry'!M11>0,'Data Entry'!N11>0),CONCATENATE('Data Entry'!M11," - ",'Data Entry'!N11),CONCATENATE('Data Entry'!M11,'Data Entry'!N11)) -> 375 - 380 | K11: =IFERROR(AVERAGE('Data Entry'!M11,'Data Entry'!N11),"") -> 377.5 | M11: ='Data Entry'!O11 -> 0.38917526 | N11: 17-18 | O11: ='Data Entry'!Q11 -> 0.066225166 | P11: ='Data Entry'!R11 -> 7.888143 | Q11: ='Data Entry'!S11 -> 365.10494
B12: =CONCATENATE('Data Entry'!B12, " - ",'Data Entry'!C12) -> 4880 - 5901 | C12: =IF('Data Entry'!D12="","",'Data Entry'!D12) -> Bell Canyon | D12: =IF('Data Entry'!E12="","",'Data Entry'!E12) -> Sandstone | E12: =IF(AND('Data Entry'!F12>0,'Data Entry'!G12>0),CONCATENATE('Data Entry'!F12," - ",'Data Entry'!G12),CONCATENATE('Data Entry'!F12,'Data Entry'!G12)) -> 50 - 55 | F12: =IF(AND('Data Entry'!H12>0,'Data Entry'!I12>0),CONCATENATE('Data Entry'!H12," - ",'Data Entry'!I12),CONCATENATE('Data Entry'!H12,'Data Entry'!I12)) -> 60 - 70 | G12: =IF(AND('Data Entry'!J12>0,'Data Entry'!K12>0),CONCATENATE('Data Entry'!J12," - ",'Data Entry'!K12),CONCATENATE('Data Entry'!J12,'Data Entry'!K12)) -> 184 - 194 | H12: =IF('Data Entry'!L12="","",'Data Entry'!L12) -> 950 | I12: =IF(AND('Data Entry'!M12>0,'Data Entry'!N12>0),CONCATENATE('Data Entry'!M12," - ",'Data Entry'!N12),CONCATENATE('Data Entry'!M12,'Data Entry'!N12)) -> 350 - 380 | K12: =IFERROR(AVERAGE('Data Entry'!M12,'Data Entry'!N12),"") -> 365 | M12: ='Data Entry'!O12 -> 0.38624339 | N12: 15-18 | O12: ='Data Entry'!Q12 -> 2.7972603 | P12: ='Data Entry'!R12 -> 10.685403 | Q12: ='Data Entry'!S12 -> 365.07747
B13: =CONCATENATE('Data Entry'!B13, " - ",'Data Entry'!C13) -> 5901 - 7303 | C13: =IF('Data Entry'!D13="","",'Data Entry'!D13) -> Cherry Canyon | D13: =IF('Data Entry'!E13="","",'Data Entry'!E13) -> Sandstone | E13: =IF(AND('Data Entry'!F13>0,'Data Entry'!G13>0),CONCATENATE('Data Entry'!F13," - ",'Data Entry'!G13),CONCATENATE('Data Entry'!F13,'Data Entry'!G13)) -> 50 - 55 | F13: =IF(AND('Data Entry'!H13>0,'Data Entry'!I13>0),CONCATENATE('Data Entry'!H13," - ",'Data Entry'!I13),CONCATENATE('Data Entry'!H13,'Data Entry'!I13)) -> 60 - 65 | G13: =IF(AND('Data Entry'!J13>0,'Data Entry'!K13>0),CONCATENATE('Data Entry'!J13," - ",'Data Entry'!K13),CONCATENATE('Data Entry'!J13,'Data Entry'!K13)) -> 184 - 189 | H13: =IF('Data Entry'!L13="","",'Data Entry'!L13) -> 950 | I13: =IF(AND('Data Entry'!M13>0,'Data Entry'!N13>0),CONCATENATE('Data Entry'!M13," - ",'Data Entry'!N13),CONCATENATE('Data Entry'!M13,'Data Entry'!N13)) -> 250 - 275 | K13: =IFERROR(AVERAGE('Data Entry'!M13,'Data Entry'!N13),"") -> 262.5 | M13: ='Data Entry'!O13 -> 0.28150134 | N13: 18-25 | O13: ='Data Entry'!Q13 -> 5.3409524 | P13: ='Data Entry'!R13 -> 16.026356 | Q13: ='Data Entry'!S13 -> 330.89245
B14: =CONCATENATE('Data Entry'!B14, " - ",'Data Entry'!C14) -> 7303 - 9067 | C14: =IF('Data Entry'!D14="","",'Data Entry'!D14) -> Brushy Canyon | D14: =IF('Data Entry'!E14="","",'Data Entry'!E14) -> Shale / Sandstone / Pyritic Limestone | E14: =IF(AND('Data Entry'!F14>0,'Data Entry'!G14>0),CONCATENATE('Data Entry'!F14," - ",'Data Entry'!G14),CONCATENATE('Data Entry'!F14,'Data Entry'!G14)) -> 40 - 45 | F14: =IF(AND('Data Entry'!H14>0,'Data Entry'!I14>0),CONCATENATE('Data Entry'!H14," - ",'Data Entry'!I14),CONCATENATE('Data Entry'!H14,'Data Entry'!I14)) -> 50 - 60 | G14: =IF(AND('Data Entry'!J14>0,'Data Entry'!K14>0),CONCATENATE('Data Entry'!J14," - ",'Data Entry'!K14),CONCATENATE('Data Entry'!J14,'Data Entry'!K14)) -> 174 - 184 | H14: =IF('Data Entry'!L14="","",'Data Entry'!L14) -> 950 | I14: =IF(AND('Data Entry'!M14>0,'Data Entry'!N14>0),CONCATENATE('Data Entry'!M14," - ",'Data Entry'!N14),CONCATENATE('Data Entry'!M14,'Data Entry'!N14)) -> 100 - 110 | K14: =IFERROR(AVERAGE('Data Entry'!M14,'Data Entry'!N14),"") -> 105 | M14: ='Data Entry'!O14 -> 0.11731844 | N14: 16-29 | O14: ='Data Entry'!Q14 -> 16.8 | P14: ='Data Entry'!R14 -> 32.826356 | Q14: ='Data Entry'!S14 -> 215.28433
B15: =CONCATENATE('Data Entry'!B15, " - ",'Data Entry'!C15) -> 9067 - 9186 | C15: =IF('Data Entry'!D15="","",'Data Entry'!D15) -> Upper Avalon | D15: =IF('Data Entry'!E15="","",'Data Entry'!E15) -> Massive Blocky Limestone | E15: =IF(AND('Data Entry'!F15>0,'Data Entry'!G15>0),CONCATENATE('Data Entry'!F15," - ",'Data Entry'!G15),CONCATENATE('Data Entry'!F15,'Data Entry'!G15)) -> 40 - 45 | F15: =IF(AND('Data Entry'!H15>0,'Data Entry'!I15>0),CONCATENATE('Data Entry'!H15," - ",'Data Entry'!I15),CONCATENATE('Data Entry'!H15,'Data Entry'!I15)) -> 55 - 65 | G15: =IF(AND('Data Entry'!J15>0,'Data Entry'!K15>0),CONCATENATE('Data Entry'!J15," - ",'Data Entry'!K15),CONCATENATE('Data Entry'!J15,'Data Entry'!K15)) -> 179 - 189 | H15: =IF('Data Entry'!L15="","",'Data Entry'!L15) -> 950 | I15: =IF(AND('Data Entry'!M15>0,'Data Entry'!N15>0),CONCATENATE('Data Entry'!M15," - ",'Data Entry'!N15),CONCATENATE('Data Entry'!M15,'Data Entry'!N15)) -> 110 - 120 | K15: =IFERROR(AVERAGE('Data Entry'!M15,'Data Entry'!N15),"") -> 115 | M15: ='Data Entry'!O15 -> 0.125 | N15: 17-22 | O15: ='Data Entry'!Q15 -> 1.0347826 | P15: ='Data Entry'!R15 -> 33.861138 | Q15: ='Data Entry'!S15 -> 212.21968
B16: =CONCATENATE('Data Entry'!B16, " - ",'Data Entry'!C16) -> 9186 - 10007 | C16: =IF('Data Entry'!D16="","",'Data Entry'!D16) -> Avalon Lime | D16: =IF('Data Entry'!E16="","",'Data Entry'!E16) -> Massive Blocky Limestone | E16: =IF(AND('Data Entry'!F16>0,'Data Entry'!G16>0),CONCATENATE('Data Entry'!F16," - ",'Data Entry'!G16),CONCATENATE('Data Entry'!F16,'Data Entry'!G16)) -> 40 - 45 | F16: =IF(AND('Data Entry'!H16>0,'Data Entry'!I16>0),CONCATENATE('Data Entry'!H16," - ",'Data Entry'!I16),CONCATENATE('Data Entry'!H16,'Data Entry'!I16)) -> 50 - 60 | G16: =IF(AND('Data Entry'!J16>0,'Data Entry'!K16>0),CONCATENATE('Data Entry'!J16," - ",'Data Entry'!K16),CONCATENATE('Data Entry'!J16,'Data Entry'!K16)) -> 174 - 184 | H16: =IF('Data Entry'!L16="","",'Data Entry'!L16) -> 950 | I16: =IF(AND('Data Entry'!M16>0,'Data Entry'!N16>0),CONCATENATE('Data Entry'!M16," - ",'Data Entry'!N16),CONCATENATE('Data Entry'!M16,'Data Entry'!N16)) -> 50 - 60 | K16: =IFERROR(AVERAGE('Data Entry'!M16,'Data Entry'!N16),"") -> 55 | M16: ='Data Entry'!O16 -> 0.061452514 | N16: 20-28 | O16: ='Data Entry'!Q16 -> 14.927273 | P16: ='Data Entry'!R16 -> 48.788411 | Q16: ='Data Entry'!S16 -> 164.11684
B17: =CONCATENATE('Data Entry'!B17, " - ",'Data Entry'!C17) -> 10007 - 10232 | C17: *1 Bone Springs Sand | D17: =IF('Data Entry'!E17="","",'Data Entry'!E17) -> Sandstone / Siltstone / Shale | E17: =IF(AND('Data Entry'!F17>0,'Data Entry'!G17>0),CONCATENATE('Data Entry'!F17," - ",'Data Entry'!G17),CONCATENATE('Data Entry'!F17,'Data Entry'!G17)) -> 45 - 50 | F17: =IF(AND('Data Entry'!H17>0,'Data Entry'!I17>0),CONCATENATE('Data Entry'!H17," - ",'Data Entry'!I17),CONCATENATE('Data Entry'!H17,'Data Entry'!I17)) -> 60 - 70 | G17: =IF(AND('Data Entry'!J17>0,'Data Entry'!K17>0),CONCATENATE('Data Entry'!J17," - ",'Data Entry'!K17),CONCATENATE('Data Entry'!J17,'Data Entry'!K17)) -> 184 - 194 | H17: =IF('Data Entry'!L17="","",'Data Entry'!L17) -> 950 | I17: =IF(AND('Data Entry'!M17>0,'Data Entry'!N17>0),CONCATENATE('Data Entry'!M17," - ",'Data Entry'!N17),CONCATENATE('Data Entry'!M17,'Data Entry'!N17)) -> 80 - 120 | K17: =IFERROR(AVERAGE('Data Entry'!M17,'Data Entry'!N17),"") -> 100 | M17: ='Data Entry'!O17 -> 0.10582011 | N17: 21-25 | O17: ='Data Entry'!Q17 -> 2.25 | P17: ='Data Entry'!R17 -> 51.038411 | Q17: ='Data Entry'!S17 -> 161.29029
B18: =CONCATENATE('Data Entry'!B18, " - ",'Data Entry'!C18) -> 10232 - 10524 | C18: =IF('Data Entry'!D18="","",'Data Entry'!D18) -> 2 Bone Springs Lime | D18: =IF('Data Entry'!E18="","",'Data Entry'!E18) -> Intercalated Limestone & Shale | E18: =IF(AND('Data Entry'!F18>0,'Data Entry'!G18>0),CONCATENATE('Data Entry'!F18," - ",'Data Entry'!G18),CONCATENATE('Data Entry'!F18,'Data Entry'!G18)) -> 35 - 40 | F18: =IF(AND('Data Entry'!H18>0,'Data Entry'!I18>0),CONCATENATE('Data Entry'!H18," - ",'Data Entry'!I18),CONCATENATE('Data Entry'!H18,'Data Entry'!I18)) -> 55 - 60 | G18: =IF(AND('Data Entry'!J18>0,'Data Entry'!K18>0),CONCATENATE('Data Entry'!J18," - ",'Data Entry'!K18),CONCATENATE('Data Entry'!J18,'Data Entry'!K18)) -> 179 - 184 | H18: =IF('Data Entry'!L18="","",'Data Entry'!L18) -> 950 | I18: =IF(AND('Data Entry'!M18>0,'Data Entry'!N18>0),CONCATENATE('Data Entry'!M18," - ",'Data Entry'!N18),CONCATENATE('Data Entry'!M18,'Data Entry'!N18)) -> 40 - 50 | K18: =IFERROR(AVERAGE('Data Entry'!M18,'Data Entry'!N18),"") -> 45 | M18: ='Data Entry'!O18 -> 0.049586777 | N18: 24-27 | O18: ='Data Entry'!Q18 -> 6.4888889 | P18: ='Data Entry'!R18 -> 57.5273 | Q18: ='Data Entry'!S18 -> 148.17313
B19: =CONCATENATE('Data Entry'!B19, " - ",'Data Entry'!C19) -> 10524 - 10996 | C19: =IF('Data Entry'!D19="","",'Data Entry'!D19) -> 2 Bone Springs Sand | D19: =IF('Data Entry'!E19="","",'Data Entry'!E19) -> Sandstone / Siltstone / Shale | E19: =IF(AND('Data Entry'!F19>0,'Data Entry'!G19>0),CONCATENATE('Data Entry'!F19," - ",'Data Entry'!G19),CONCATENATE('Data Entry'!F19,'Data Entry'!G19)) -> 20 - 30 | F19: =IF(AND('Data Entry'!H19>0,'Data Entry'!I19>0),CONCATENATE('Data Entry'!H19," - ",'Data Entry'!I19),CONCATENATE('Data Entry'!H19,'Data Entry'!I19)) -> 40 - 50 | G19: =IF(AND('Data Entry'!J19>0,'Data Entry'!K19>0),CONCATENATE('Data Entry'!J19," - ",'Data Entry'!K19),CONCATENATE('Data Entry'!J19,'Data Entry'!K19)) -> 164 - 174 | H19: =IF('Data Entry'!L19="","",'Data Entry'!L19) -> 950 | I19: =IF(AND('Data Entry'!M19>0,'Data Entry'!N19>0),CONCATENATE('Data Entry'!M19," - ",'Data Entry'!N19),CONCATENATE('Data Entry'!M19,'Data Entry'!N19)) -> 80 - 100 | K19: =IFERROR(AVERAGE('Data Entry'!M19,'Data Entry'!N19),"") -> 90 | M19: ='Data Entry'!O19 -> 0.10650888 | N19: 24-26 | O19: ='Data Entry'!Q19 -> 5.2444444 | P19: ='Data Entry'!R19 -> 62.771744 | Q19: ='Data Entry'!S19 -> 143.31289
B20: =CONCATENATE('Data Entry'!B20, " - ",'Data Entry'!C20) -> 10996 - 11170 | C20: =IF('Data Entry'!D20="","",'Data Entry'!D20) -> 3 Bone Springs Lime | D20: =IF('Data Entry'!E20="","",'Data Entry'!E20) -> Intercalated Limestone & Shale | E20: =IF(AND('Data Entry'!F20>0,'Data Entry'!G20>0),CONCATENATE('Data Entry'!F20," - ",'Data Entry'!G20),CONCATENATE('Data Entry'!F20,'Data Entry'!G20)) -> 30 - 35 | F20: =IF(AND('Data Entry'!H20>0,'Data Entry'!I20>0),CONCATENATE('Data Entry'!H20," - ",'Data Entry'!I20),CONCATENATE('Data Entry'!H20,'Data Entry'!I20)) -> 70 - 80 | G20: =IF(AND('Data Entry'!J20>0,'Data Entry'!K20>0),CONCATENATE('Data Entry'!J20," - ",'Data Entry'!K20),CONCATENATE('Data Entry'!J20,'Data Entry'!K20)) -> 194 - 204 | H20: =IF('Data Entry'!L20="","",'Data Entry'!L20) -> 950 | I20: =IF(AND('Data Entry'!M20>0,'Data Entry'!N20>0),CONCATENATE('Data Entry'!M20," - ",'Data Entry'!N20),CONCATENATE('Data Entry'!M20,'Data Entry'!N20)) -> 70 - 80 | K20: =IFERROR(AVERAGE('Data Entry'!M20,'Data Entry'!N20),"") -> 75 | M20: ='Data Entry'!O20 -> 0.075376884 | N20: 23-26 | O20: ='Data Entry'!Q20 -> 2.32 | P20: ='Data Entry'!R20 -> 65.091744 | Q20: ='Data Entry'!S20 -> 140.87808
B21: =CONCATENATE('Data Entry'!B21, " - ",'Data Entry'!C21) -> 11170 - 11628 | C21: =IF('Data Entry'!D21="","",'Data Entry'!D21) -> Harkey Sand | D21: =IF('Data Entry'!E21="","",'Data Entry'!E21) -> Sandstone / Siltstone / Shale | E21: =IF(AND('Data Entry'!F21>0,'Data Entry'!G21>0),CONCATENATE('Data Entry'!F21," - ",'Data Entry'!G21),CONCATENATE('Data Entry'!F21,'Data Entry'!G21)) -> 45 - 50 | F21: =IF(AND('Data Entry'!H21>0,'Data Entry'!I21>0),CONCATENATE('Data Entry'!H21," - ",'Data Entry'!I21),CONCATENATE('Data Entry'!H21,'Data Entry'!I21)) -> 60 - 70 | G21: =IF(AND('Data Entry'!J21>0,'Data Entry'!K21>0),CONCATENATE('Data Entry'!J21," - ",'Data Entry'!K21),CONCATENATE('Data Entry'!J21,'Data Entry'!K21)) -> 184 - 194 | H21: =IF('Data Entry'!L21="","",'Data Entry'!L21) -> 950 | I21: =IF(AND('Data Entry'!M21>0,'Data Entry'!N21>0),CONCATENATE('Data Entry'!M21," - ",'Data Entry'!N21),CONCATENATE('Data Entry'!M21,'Data Entry'!N21)) -> 90 - 110 | K21: =IFERROR(AVERAGE('Data Entry'!M21,'Data Entry'!N21),"") -> 100 | M21: ='Data Entry'!O21 -> 0.10582011 | N21: 23-25 | O21: ='Data Entry'!Q21 -> 4.58 | P21: ='Data Entry'!R21 -> 69.671744 | Q21: ='Data Entry'!S21 -> 138.19088
B22: =CONCATENATE('Data Entry'!B22, " - ",'Data Entry'!C22) -> 11628 - 11800 | C22: =IF('Data Entry'!D22="","",'Data Entry'!D22) -> 3 Bone Springs Sand | D22: =IF('Data Entry'!E22="","",'Data Entry'!E22) -> Carbonate Sandstone / Siltstone / Shale | E22: =IF(AND('Data Entry'!F22>0,'Data Entry'!G22>0),CONCATENATE('Data Entry'!F22," - ",'Data Entry'!G22),CONCATENATE('Data Entry'!F22,'Data Entry'!G22)) -> 30 - 40 | F22: =IF(AND('Data Entry'!H22>0,'Data Entry'!I22>0),CONCATENATE('Data Entry'!H22," - ",'Data Entry'!I22),CONCATENATE('Data Entry'!H22,'Data Entry'!I22)) -> 60 - 70 | G22: =IF(AND('Data Entry'!J22>0,'Data Entry'!K22>0),CONCATENATE('Data Entry'!J22," - ",'Data Entry'!K22),CONCATENATE('Data Entry'!J22,'Data Entry'!K22)) -> 184 - 194 | H22: =IF('Data Entry'!L22="","",'Data Entry'!L22) -> 950 | I22: =IF(AND('Data Entry'!M22>0,'Data Entry'!N22>0),CONCATENATE('Data Entry'!M22," - ",'Data Entry'!N22),CONCATENATE('Data Entry'!M22,'Data Entry'!N22)) -> 120 - 140 | K22: =IFERROR(AVERAGE('Data Entry'!M22,'Data Entry'!N22),"") -> 130 | M22: ='Data Entry'!O22 -> 0.13756614 | N22: 19-22 | O22: ='Data Entry'!Q22 -> 1.3230769 | P22: ='Data Entry'!R22 -> 70.994821 | Q22: ='Data Entry'!S22 -> 138.03824
C23: ='Data Entry'!X17 -> * If you enter the 1 Bone Springs Sand at ≈ 100 ROP then the bit should still be green | M23: ='Data Entry'!$O$23 -> 0.15041729 | O23: ='Data Entry'!$Q$23 -> 70.994821 | Q23: ='Data Entry'!$S$23 -> 138.03824
O24: ='Data Entry'!$Q$24 -> 2.9581176
Q49: =IF('Data Entry'!$B$5="","",'Data Entry'!$B$5) -> 5749

Sheet Data Entry
B2: Roadmap --- Ø 9-7/8" 616-XR9(K)(BR)
B4: Delaware --- Intermediate
B5: 5749
U6: Calc. for Chart
L7: 0.13 | Q7: On Bottom | U7: DO NOT MODIFY
B8: Σ Measured Depth | D8: Formation | E8: Characteristics | F8: WOB | H8: Rotary rpm | J8: Σ rpm | L8: Flow | M8: ROP | O8: DOC | Q8: Section | R8: Cumulative | U8: Depth | V8: ROP | W8: hrs
B9: in | C9: out | F9: Low | G9: High | H9: Low | I9: High | J9: Low | K9: High | L9: (GPM) | M9: Low | N9: High | O9: Avg | P9: Rotations | Q9: (hrs) | R9: (hrs) | S9: ROP | U9: ='Data Entry'!$B$10 -> 2000 | V9: =AVERAGE($M$10,$N$10) -> 365 | W9: 0
B10: 2000 | C10: 4855 | D10: Rustler (Salt) | E10: Anhydrite / Limestone / Red Shale and Limestone | F10: 40 | G10: 45 | H10: 70 | I10: 80 | J10: =ROUND('Data Entry'!$H10+('Data Entry'!$L10*'Data Entry'!$L$7),0) -> 194 | K10: =ROUND('Data Entry'!$I10+('Data Entry'!$L10*'Data Entry'!$L$7),0) -> 204 | L10: 950 | M10: 350 | N10: 380 | O10: =(($C10-$B10)*12)/(AVERAGE($J10,$K10)*60*$Q10) -> 0.36683417 | P10: =(AVERAGE($J10,$K10)*60*$Q10) -> 93393.699 | Q10: =IFERROR(IF(AND($B10>0,$C10>0,$M10>0,N10>0),($C10-$B10)/AVERAGE($M10,$N10),""),"") -> 7.8219178 | R10: =SUM($Q$10:$Q10) -> 7.8219178 | S10: =($C10-$B$10)/$R10 -> 365 | U10: ='Data Entry'!$C10 -> 4855 | V10: =AVERAGE($M10,$N10) -> 365 | W10: =$R10 -> 7.8219178
B11: =C10 -> 4855 | C11: 4880 | D11: Lamar (Delaware) | E11: Limey Shale | F11: 45 | G11: 50 | H11: 60 | I11: 80 | J11: =ROUND('Data Entry'!$H11+('Data Entry'!$L11*'Data Entry'!$L$7),0) -> 184 | K11: =ROUND('Data Entry'!$I11+('Data Entry'!$L11*'Data Entry'!$L$7),0) -> 204 | L11: 950 | M11: 375 | N11: 380 | O11: =(($C11-$B11)*12)/(AVERAGE($J11,$K11)*60*$Q11) -> 0.38917526 | P11: =(AVERAGE($J11,$K11)*60*$Q11) -> 770.86093 | Q11: =IFERROR(IF(AND($B11>0,$C11>0,$M11>0,N11>0),($C11-$B11)/AVERAGE($M11,$N11),""),"") -> 0.066225166 | R11: =SUM($Q$10:$Q11) -> 7.888143 | S11: =($C11-$B$10)/$R11 -> 365.10494 | U11: ='Data Entry'!$C11 -> 4880 | V11: =AVERAGE($M11,$N11) -> 377.5 | W11: =$R11 -> 7.888143
B12: =C11 -> 4880 | C12: 5901 | D12: Bell Canyon | E12: Sandstone | F12: 50 | G12: 55 | H12: 60 | I12: 70 | J12: =ROUND('Data Entry'!$H12+('Data Entry'!$L12*'Data Entry'!$L$7),0) -> 184 | K12: =ROUND('Data Entry'!$I12+('Data Entry'!$L12*'Data Entry'!$L$7),0) -> 194 | L12: 950 | M12: 350 | N12: 380 | O12: =(($C12-$B12)*12)/(AVERAGE($J12,$K12)*60*$Q12) -> 0.38624339 | P12: =(AVERAGE($J12,$K12)*60*$Q12) -> 31720.932 | Q12: =IFERROR(IF(AND($B12>0,$C12>0,$M12>0,N12>0),($C12-$B12)/AVERAGE($M12,$N12),""),"") -> 2.7972603 | R12: =SUM($Q$10:$Q12) -> 10.685403 | S12: =($C12-$B$10)/$R12 -> 365.07747 | U12: ='Data Entry'!$C12 -> 5901 | V12: =AVERAGE($M12,$N12) -> 365 | W12: =$R12 -> 10.685403
B13: =C12 -> 5901 | C13: 7303 | D13: Cherry Canyon | E13: Sandstone | F13: 50 | G13: 55 | H13: 60 | I13: 65 | J13: =ROUND('Data Entry'!$H13+('Data Entry'!$L13*'Data Entry'!$L$7),0) -> 184 | K13: =ROUND('Data Entry'!$I13+('Data Entry'!$L13*'Data Entry'!$L$7),0) -> 189 | L13: 950 | M13: 250 | N13: 275 | O13: =(($C13-$B13)*12)/(AVERAGE($J13,$K13)*60*$Q13) -> 0.28150134 | P13: =(AVERAGE($J13,$K13)*60*$Q13) -> 59765.257 | Q13: =IFERROR(IF(AND($B13>0,$C13>0,$M13>0,N13>0),($C13-$B13)/AVERAGE($M13,$N13),""),"") -> 5.3409524 | R13: =SUM($Q$10:$Q13) -> 16.026356 | S13: =($C13-$B$10)/$R13 -> 330.89245 | U13: ='Data Entry'!$C13 -> 7303 | V13: =AVERAGE($M13,$N13) -> 262.5 | W13: =$R13 -> 16.026356
B14: =C13 -> 7303 | C14: 9067 | D14: Brushy Canyon | E14: Shale / Sandstone / Pyritic Limestone | F14: 40 | G14: 45 | H14: 50 | I14: 60 | J14: =ROUND('Data Entry'!$H14+('Data Entry'!$L14*'Data Entry'!$L$7),0) -> 174 | K14: =ROUND('Data Entry'!$I14+('Data Entry'!$L14*'Data Entry'!$L$7),0) -> 184 | L14: 950 | M14: 100 | N14: 110 | O14: =(($C14-$B14)*12)/(AVERAGE($J14,$K14)*60*$Q14) -> 0.11731844 | P14: =(AVERAGE($J14,$K14)*60*$Q14) -> 180432 | Q14: =IFERROR(IF(AND($B14>0,$C14>0,$M14>0,N14>0),($C14-$B14)/AVERAGE($M14,$N14),""),"") -> 16.8 | R14: =SUM($Q$10:$Q14) -> 32.826356 | S14: =($C14-$B$10)/$R14 -> 215.28433 | U14: ='Data Entry'!$C14 -> 9067 | V14: =AVERAGE($M14,$N14) -> 105 | W14: =$R14 -> 32.826356
B15: =C14 -> 9067 | C15: 9186 | D15: Upper Avalon | E15: Massive Blocky Limestone | F15: 40 | G15: 45 | H15: 55 | I15: 65 | J15: =ROUND('Data Entry'!$H15+('Data Entry'!$L15*'Data Entry'!$L$7),0) -> 179 | K15: =ROUND('Data Entry'!$I15+('Data Entry'!$L15*'Data Entry'!$L$7),0) -> 189 | L15: 950 | M15: 110 | N15: 120 | O15: =(($C15-$B15)*12)/(AVERAGE($J15,$K15)*60*$Q15) -> 0.125 | P15: =(AVERAGE($J15,$K15)*60*$Q15) -> 11424 | Q15: =IFERROR(IF(AND($B15>0,$C15>0,$M15>0,N15>0),($C15-$B15)/AVERAGE($M15,$N15),""),"") -> 1.0347826 | R15: =SUM($Q$10:$Q15) -> 33.861138 | S15: =($C15-$B$10)/$R15 -> 212.21968 | U15: ='Data Entry'!$C15 -> 9186 | V15: =AVERAGE($M15,$N15) -> 115 | W15: =$R15 -> 33.861138
B16: =C15 -> 9186 | C16: 10007 | D16: Avalon Lime | E16: Massive Blocky Limestone | F16: 40 | G16: 45 | H16: 50 | I16: 60 | J16: =ROUND('Data Entry'!$H16+('Data Entry'!$L16*'Data Entry'!$L$7),0) -> 174 | K16: =ROUND('Data Entry'!$I16+('Data Entry'!$L16*'Data Entry'!$L$7),0) -> 184 | L16: 950 | M16: 50 | N16: 60 | O16: =(($C16-$B16)*12)/(AVERAGE($J16,$K16)*60*$Q16) -> 0.061452514 | P16: =(AVERAGE($J16,$K16)*60*$Q16) -> 160318.91 | Q16: =IFERROR(IF(AND($B16>0,$C16>0,$M16>0,N16>0),($C16-$B16)/AVERAGE($M16,$N16),""),"") -> 14.927273 | R16: =SUM($Q$10:$Q16) -> 48.788411 | S16: =($C16-$B$10)/$R16 -> 164.11684 | U16: ='Data Entry'!$C16 -> 10007 | V16: =AVERAGE($M16,$N16) -> 55 | W16: =$R16 -> 48.788411
B17: =C16 -> 10007 | C17: 10232 | D17: *1 Bone Springs Sand | E17: Sandstone / Siltstone / Shale | F17: 45 | G17: 50 | H17: 60 | I17: 70 | J17: =ROUND('Data Entry'!$H17+('Data Entry'!$L17*'Data Entry'!$L$7),0) -> 184 | K17: =ROUND('Data Entry'!$I17+('Data Entry'!$L17*'Data Entry'!$L$7),0) -> 194 | L17: 950 | M17: 80 | N17: 120 | O17: =(($C17-$B17)*12)/(AVERAGE($J17,$K17)*60*$Q17) -> 0.10582011 | P17: =(AVERAGE($J17,$K17)*60*$Q17) -> 25515 | Q17: =IFERROR(IF(AND($B17>0,$C17>0,$M17>0,N17>0),($C17-$B17)/AVERAGE($M17,$N17),""),"") -> 2.25 | R17: =SUM($Q$10:$Q17) -> 51.038411 | S17: =($C17-$B$10)/$R17 -> 161.29029 | U17: ='Data Entry'!$C17 -> 10232 | V17: =AVERAGE($M17,$N17) -> 100 | W17: =$R17 -> 51.038411 | X17: * If you enter the 1 Bone Springs Sand at ≈ 100 ROP then the bit should still be green
B18: =C17 -> 10232 | C18: 10524 | D18: 2 Bone Springs Lime | E18: Intercalated Limestone & Shale | F18: 35 | G18: 40 | H18: 55 | I18: 60 | J18: =ROUND('Data Entry'!$H18+('Data Entry'!$L18*'Data Entry'!$L$7),0) -> 179 | K18: =ROUND('Data Entry'!$I18+('Data Entry'!$L18*'Data Entry'!$L$7),0) -> 184 | L18: 950 | M18: 40 | N18: 50 | O18: =(($C18-$B18)*12)/(AVERAGE($J18,$K18)*60*$Q18) -> 0.049586777 | P18: =(AVERAGE($J18,$K18)*60*$Q18) -> 70664 | Q18: =IFERROR(IF(AND($B18>0,$C18>0,$M18>0,N18>0),($C18-$B18)/AVERAGE($M18,$N18),""),"") -> 6.4888889 | R18: =SUM($Q$10:$Q18) -> 57.5273 | S18: =($C18-$B$10)/$R18 -> 148.17313 | U18: ='Data Entry'!$C18 -> 10524 | V18: =AVERAGE($M18,$N18) -> 45 | W18: =$R18 -> 57.5273
B19: =C18 -> 10524 | C19: 10996 | D19: 2 Bone Springs Sand | E19: Sandstone / Siltstone / Shale | F19: 20 | G19: 30 | H19: 40 | I19: 50 | J19: =ROUND('Data Entry'!$H19+('Data Entry'!$L19*'Data Entry'!$L$7),0) -> 164 | K19: =ROUND('Data Entry'!$I19+('Data Entry'!$L19*'Data Entry'!$L$7),0) -> 174 | L19: 950 | M19: 80 | N19: 100 | O19: =(($C19-$B19)*12)/(AVERAGE($J19,$K19)*60*$Q19) -> 0.10650888 | P19: =(AVERAGE($J19,$K19)*60*$Q19) -> 53178.667 | Q19: =IFERROR(IF(AND($B19>0,$C19>0,$M19>0,N19>0),($C19-$B19)/AVERAGE($M19,$N19),""),"") -> 5.2444444 | R19: =SUM($Q$10:$Q19) -> 62.771744 | S19: =($C19-$B$10)/$R19 -> 143.31289 | U19: ='Data Entry'!$C19 -> 10996 | V19: =AVERAGE($M19,$N19) -> 90 | W19: =$R19 -> 62.771744
B20: =C19 -> 10996 | C20: 11170 | D20: 3 Bone Springs Lime | E20: Intercalated Limestone & Shale | F20: 30 | G20: 35 | H20: 70 | I20: 80 | J20: =ROUND('Data Entry'!$H20+('Data Entry'!$L20*'Data Entry'!$L$7),0) -> 194 | K20: =ROUND('Data Entry'!$I20+('Data Entry'!$L20*'Data Entry'!$L$7),0) -> 204 | L20: 950 | M20: 70 | N20: 80 | O20: =(($C20-$B20)*12)/(AVERAGE($J20,$K20)*60*$Q20) -> 0.075376884 | P20: =(AVERAGE($J20,$K20)*60*$Q20) -> 27700.8 | Q20: =IFERROR(IF(AND($B20>0,$C20>0,$M20>0,N20>0),($C20-$B20)/AVERAGE($M20,$N20),""),"") -> 2.32 | R20: =SUM($Q$10:$Q20) -> 65.091744 | S20: =($C20-$B$10)/$R20 -> 140.87808 | U20: ='Data Entry'!$C20 -> 11170 | V20: =AVERAGE($M20,$N20) -> 75 | W20: =$R20 -> 65.091744
B21: =C20 -> 11170 | C21: 11628 | D21: Harkey Sand | E21: Sandstone / Siltstone / Shale | F21: 45 | G21: 50 | H21: 60 | I21: 70 | J21: =ROUND('Data Entry'!$H21+('Data Entry'!$L21*'Data Entry'!$L$7),0) -> 184 | K21: =ROUND('Data Entry'!$I21+('Data Entry'!$L21*'Data Entry'!$L$7),0) -> 194 | L21: 950 | M21: 90 | N21: 110 | O21: =(($C21-$B21)*12)/(AVERAGE($J21,$K21)*60*$Q21) -> 0.10582011 | P21: =(AVERAGE($J21,$K21)*60*$Q21) -> 51937.2 | Q21: =IFERROR(IF(AND($B21>0,$C21>0,$M21>0,N21>0),($C21-$B21)/AVERAGE($M21,$N21),""),"") -> 4.58 | R21: =SUM($Q$10:$Q21) -> 69.671744 | S21: =($C21-$B$10)/$R21 -> 138.19088 | U21: ='Data Entry'!$C21 -> 11628 | V21: =AVERAGE($M21,$N21) -> 100 | W21: =$R21 -> 69.671744
B22: =C21 -> 11628 | C22: 11800 | D22: 3 Bone Springs Sand | E22: Carbonate Sandstone / Siltstone / Shale | F22: 30 | G22: 40 | H22: 60 | I22: 70 | J22: =ROUND($H22+($L22*$L$7),0) -> 184 | K22: =ROUND('Data Entry'!$I22+('Data Entry'!$L22*'Data Entry'!$L$7),0) -> 194 | L22: 950 | M22: 120 | N22: 140 | O22: =(($C22-$B22)*12)/(AVERAGE($J22,$K22)*60*$Q22) -> 0.13756614 | P22: =(AVERAGE($J22,$K22)*60*$Q22) -> 15003.692 | Q22: =IFERROR(IF(AND($B22>0,$C22>0,$M22>0,N22>0),($C22-$B22)/AVERAGE($M22,$N22),""),"") -> 1.3230769 | R22: =SUM($Q$10:$Q22) -> 70.994821 | S22: =($C22-$B$10)/$R22 -> 138.03824 | U22: ='Data Entry'!$C22 -> 11800 | V22: =AVERAGE($M22,$N22) -> 130 | W22: =$R22 -> 70.994821
O23: =(($C$22-$B10)*12)/$P$23 -> 0.15041729 | P23: =SUM(P10:P22) -> 781825.02 | Q23: =SUM(Q$10:Q$22) -> 70.994821 | S23: =($C$22-$B$10)/$Q$23 -> 138.03824
Q24: {=SUM(Q10:Q22/24)} -> 2.9581176
