Workbook

Sheet Roadmap
B2: =IF('Data Entry'!$B$2="","",'Data Entry'!$B$2) -> Roadmap --- Ø 8-1/2" 613-XR(K)(BR)
B5: =IF('Data Entry'!$B$4="","",'Data Entry'!$B$4) -> Midland Basin ---VCL Run
H7: =IF('Data Entry'!O7="","",'Data Entry'!O7) -> 0.4 | N7: On Bottom
B8: Depth | C8: Formation | D8: Characteristics | E8: WOB | F8: Rotary | G8: Total | H8: Flow | I8: Expected ROP | M8: DOC | N8: Section | O8: Cumulative
B9: (ft) | E9: (KLBS) | F9: (rpm) | G9: (rpm) | H9: (GPM) | I9: (ft/hr) | M9: (in/rev) | N9: (hrs) | O9: (hrs) | P9: ROP
B10: =CONCATENATE('Data Entry'!B10, " - ",'Data Entry'!C10) -> 700 - 1520 | C10: =IF('Data Entry'!D10="","",'Data Entry'!D10) -> Dockum | D10: =IF('Data Entry'!E10="","",'Data Entry'!E10) -> Red bed, Sand | E10: =IF(AND('Data Entry'!F10>0,'Data Entry'!G10>0),CONCATENATE('Data Entry'!F10," - ",'Data Entry'!G10),CONCATENATE('Data Entry'!F10,'Data Entry'!G10)) -> 30 - 45 | F10: =IF(AND('Data Entry'!H10>0,'Data Entry'!I10>0),CONCATENATE('Data Entry'!H10," - ",'Data Entry'!I10),CONCATENATE('Data Entry'!H10,'Data Entry'!I10)) -> 65 - 75 | G10: =IF(AND('Data Entry'!J10>0,'Data Entry'!K10>0),CONCATENATE('Data Entry'!J10," - ",'Data Entry'!K10),CONCATENATE('Data Entry'!J10,'Data Entry'!K10)) -> 345 - 355 | H10: =IF('Data Entry'!O10="","",'Data Entry'!O10) -> 700 | I10: =IF(AND('Data Entry'!L10>0,'Data Entry'!M10>0),CONCATENATE('Data Entry'!L10," - ",'Data Entry'!M10),CONCATENATE('Data Entry'!L10,'Data Entry'!M10)) -> 250 - 350 | K10: =IFERROR(AVERAGE('Data Entry'!L10,'Data Entry'!M10),"") -> 300 | M10: =AVERAGE('Data Entry'!L10,'Data Entry'!M10)/AVERAGE('Data Entry'!J10,'Data Entry'!K10)/5 -> 0.17142857 | N10: =IFERROR(IF(AND('Data Entry'!$B10>0,'Data Entry'!$C10>0,'Data Entry'!$L10>0,'Data Entry'!M10>0),('Data Entry'!$C10-'Data Entry'!$B10)/AVERAGE('Data Entry'!$L10,'Data Entry'!$M10),""),"") -> 2.7333333 | O10: =SUM($N$10:$N10) -> 2.7333333 | P10: =('Data Entry'!$C10-'Data Entry'!$B$10)/(SUM($N$10:$N10)) -> 300
B11: =CONCATENATE('Data Entry'!B11, " - ",'Data Entry'!C11) -> 1520 - 1750 | C11: =IF('Data Entry'!D11="","",'Data Entry'!D11) -> Santa Rosa | D11: =IF('Data Entry'!E11="","",'Data Entry'!E11) -> Sand | E11: =IF(AND('Data Entry'!F11>0,'Data Entry'!G11>0),CONCATENATE('Data Entry'!F11," - ",'Data Entry'!G11),CONCATENATE('Data Entry'!F11,'Data Entry'!G11)) -> 30 - 45 | F11: =IF(AND('Data Entry'!H11>0,'Data Entry'!I11>0),CONCATENATE('Data Entry'!H11," - ",'Data Entry'!I11),CONCATENATE('Data Entry'!H11,'Data Entry'!I11)) -> 65 - 75 | G11: =IF(AND('Data Entry'!J11>0,'Data Entry'!K11>0),CONCATENATE('Data Entry'!J11," - ",'Data Entry'!K11),CONCATENATE('Data Entry'!J11,'Data Entry'!K11)) -> 345 - 355 | H11: =IF('Data Entry'!O11="","",'Data Entry'!O11) -> 700 | I11: =IF(AND('Data Entry'!L11>0,'Data Entry'!M11>0),CONCATENATE('Data Entry'!L11," - ",'Data Entry'!M11),CONCATENATE('Data Entry'!L11,'Data Entry'!M11)) -> 200 - 250 | K11: =IFERROR(AVERAGE('Data Entry'!L11,'Data Entry'!M11),"") -> 225 | M11: =AVERAGE('Data Entry'!L11,'Data Entry'!M11)/AVERAGE('Data Entry'!J11,'Data Entry'!K11)/5 -> 0.12857143 | N11: =IFERROR(IF(AND('Data Entry'!$B11>0,'Data Entry'!$C11>0,'Data Entry'!$L11>0,'Data Entry'!M11>0),('Data Entry'!$C11-'Data Entry'!$B11)/AVERAGE('Data Entry'!$L11,'Data Entry'!$M11),""),"") -> 1.0222222 | O11: =SUM($N$10:$N11) -> 3.7555556 | P11: =('Data Entry'!$C11-'Data Entry'!$B$10)/(SUM($N$10:$N11)) -> 279.5858
B12: =CONCATENATE('Data Entry'!B12, " - ",'Data Entry'!C12) -> 1750 - 2750 | C12: =IF('Data Entry'!D12="","",'Data Entry'!D12) -> Rustler | D12: =IF('Data Entry'!E12="","",'Data Entry'!E12) -> Sand, Anyhydrite | E12: =IF(AND('Data Entry'!F12>0,'Data Entry'!G12>0),CONCATENATE('Data Entry'!F12," - ",'Data Entry'!G12),CONCATENATE('Data Entry'!F12,'Data Entry'!G12)) -> 30 - 45 | F12: =IF(AND('Data Entry'!H12>0,'Data Entry'!I12>0),CONCATENATE('Data Entry'!H12," - ",'Data Entry'!I12),CONCATENATE('Data Entry'!H12,'Data Entry'!I12)) -> 65 - 75 | G12: =IF(AND('Data Entry'!J12>0,'Data Entry'!K12>0),CONCATENATE('Data Entry'!J12," - ",'Data Entry'!K12),CONCATENATE('Data Entry'!J12,'Data Entry'!K12)) -> 345 - 355 | H12: =IF('Data Entry'!O12="","",'Data Entry'!O12) -> 700 | I12: =IF(AND('Data Entry'!L12>0,'Data Entry'!M12>0),CONCATENATE('Data Entry'!L12," - ",'Data Entry'!M12),CONCATENATE('Data Entry'!L12,'Data Entry'!M12)) -> 200 - 250 | K12: =IFERROR(AVERAGE('Data Entry'!L12,'Data Entry'!M12),"") -> 225 | M12: =AVERAGE('Data Entry'!L12,'Data Entry'!M12)/AVERAGE('Data Entry'!J12,'Data Entry'!K12)/5 -> 0.12857143 | N12: =IFERROR(IF(AND('Data Entry'!$B12>0,'Data Entry'!$C12>0,'Data Entry'!$L12>0,'Data Entry'!M12>0),('Data Entry'!$C12-'Data Entry'!$B12)/AVERAGE('Data Entry'!$L12,'Data Entry'!$M12),""),"") -> 4.4444444 | O12: =SUM($N$10:$N12) -> 8.2 | P12: =('Data Entry'!$C12-'Data Entry'!$B$10)/(SUM($N$10:$N12)) -> 250
B13: =CONCATENATE('Data Entry'!B13, " - ",'Data Entry'!C13) -> 2750 - 2800 | C13: =IF('Data Entry'!D13="","",'Data Entry'!D13) -> Salado | D13: =IF('Data Entry'!E13="","",'Data Entry'!E13) -> Salt, Anyhydrite Stringers | E13: =IF(AND('Data Entry'!F13>0,'Data Entry'!G13>0),CONCATENATE('Data Entry'!F13," - ",'Data Entry'!G13),CONCATENATE('Data Entry'!F13,'Data Entry'!G13)) -> 30 - 45 | F13: =IF(AND('Data Entry'!H13>0,'Data Entry'!I13>0),CONCATENATE('Data Entry'!H13," - ",'Data Entry'!I13),CONCATENATE('Data Entry'!H13,'Data Entry'!I13)) -> 65 - 75 | G13: =IF(AND('Data Entry'!J13>0,'Data Entry'!K13>0),CONCATENATE('Data Entry'!J13," - ",'Data Entry'!K13),CONCATENATE('Data Entry'!J13,'Data Entry'!K13)) -> 345 - 355 | H13: =IF('Data Entry'!O13="","",'Data Entry'!O13) -> 700 | I13: =IF(AND('Data Entry'!L13>0,'Data Entry'!M13>0),CONCATENATE('Data Entry'!L13," - ",'Data Entry'!M13),CONCATENATE('Data Entry'!L13,'Data Entry'!M13)) -> 175 - 200 | K13: =IFERROR(AVERAGE('Data Entry'!L13,'Data Entry'!M13),"") -> 187.5 | M13: =AVERAGE('Data Entry'!L13,'Data Entry'!M13)/AVERAGE('Data Entry'!J13,'Data Entry'!K13)/5 -> 0.10714286 | N13: =IFERROR(IF(AND('Data Entry'!$B13>0,'Data Entry'!$C13>0,'Data Entry'!$L13>0,'Data Entry'!M13>0),('Data Entry'!$C13-'Data Entry'!$B13)/AVERAGE('Data Entry'!$L13,'Data Entry'!$M13),""),"") -> 0.26666667 | O13: =SUM($N$10:$N13) -> 8.4666667 | P13: =('Data Entry'!$C13-'Data Entry'!$B$10)/(SUM($N$10:$N13)) -> 248.0315
B14: =CONCATENATE('Data Entry'!B14, " - ",'Data Entry'!C14) -> 2800 - 3050 | C14: =IF('Data Entry'!D14="","",'Data Entry'!D14) -> Tansill | D14: =IF('Data Entry'!E14="","",'Data Entry'!E14) -> Anyhydrite | E14: =IF(AND('Data Entry'!F14>0,'Data Entry'!G14>0),CONCATENATE('Data Entry'!F14," - ",'Data Entry'!G14),CONCATENATE('Data Entry'!F14,'Data Entry'!G14)) -> 30 - 45 | F14: =IF(AND('Data Entry'!H14>0,'Data Entry'!I14>0),CONCATENATE('Data Entry'!H14," - ",'Data Entry'!I14),CONCATENATE('Data Entry'!H14,'Data Entry'!I14)) -> 65 - 75 | G14: =IF(AND('Data Entry'!J14>0,'Data Entry'!K14>0),CONCATENATE('Data Entry'!J14," - ",'Data Entry'!K14),CONCATENATE('Data Entry'!J14,'Data Entry'!K14)) -> 345 - 355 | H14: =IF('Data Entry'!O14="","",'Data Entry'!O14) -> 700 | I14: =IF(AND('Data Entry'!L14>0,'Data Entry'!M14>0),CONCATENATE('Data Entry'!L14," - ",'Data Entry'!M14),CONCATENATE('Data Entry'!L14,'Data Entry'!M14)) -> 175 - 200 | K14: =IFERROR(AVERAGE('Data Entry'!L14,'Data Entry'!M14),"") -> 187.5 | M14: =AVERAGE('Data Entry'!L14,'Data Entry'!M14)/AVERAGE('Data Entry'!J14,'Data Entry'!K14)/5 -> 0.10714286 | N14: =IFERROR(IF(AND('Data Entry'!$B14>0,'Data Entry'!$C14>0,'Data Entry'!$L14>0,'Data Entry'!M14>0),('Data Entry'!$C14-'Data Entry'!$B14)/AVERAGE('Data Entry'!$L14,'Data Entry'!$M14),""),"") -> 1.3333333 | O14: =SUM($N$10:$N14) -> 9.8 | P14: =('Data Entry'!$C14-'Data Entry'!$B$10)/(SUM($N$10:$N14)) -> 239.79592
B15: =CONCATENATE('Data Entry'!B15, " - ",'Data Entry'!C15) -> 3050 - 3200 | C15: =IF('Data Entry'!D15="","",'Data Entry'!D15) -> Yates | D15: =IF('Data Entry'!E15="","",'Data Entry'!E15) -> Sand, Anyhydrite Stringers, Shale | E15: =IF(AND('Data Entry'!F15>0,'Data Entry'!G15>0),CONCATENATE('Data Entry'!F15," - ",'Data Entry'!G15),CONCATENATE('Data Entry'!F15,'Data Entry'!G15)) -> 30 - 45 | F15: =IF(AND('Data Entry'!H15>0,'Data Entry'!I15>0),CONCATENATE('Data Entry'!H15," - ",'Data Entry'!I15),CONCATENATE('Data Entry'!H15,'Data Entry'!I15)) -> 65 - 75 | G15: =IF(AND('Data Entry'!J15>0,'Data Entry'!K15>0),CONCATENATE('Data Entry'!J15," - ",'Data Entry'!K15),CONCATENATE('Data Entry'!J15,'Data Entry'!K15)) -> 345 - 355 | H15: =IF('Data Entry'!O15="","",'Data Entry'!O15) -> 700 | I15: =IF(AND('Data Entry'!L15>0,'Data Entry'!M15>0),CONCATENATE('Data Entry'!L15," - ",'Data Entry'!M15),CONCATENATE('Data Entry'!L15,'Data Entry'!M15)) -> 160 - 175 | K15: =IFERROR(AVERAGE('Data Entry'!L15,'Data Entry'!M15),"") -> 167.5 | M15: =AVERAGE('Data Entry'!L15,'Data Entry'!M15)/AVERAGE('Data Entry'!J15,'Data Entry'!K15)/5 -> 0.095714286 | N15: =IFERROR(IF(AND('Data Entry'!$B15>0,'Data Entry'!$C15>0,'Data Entry'!$L15>0,'Data Entry'!M15>0),('Data Entry'!$C15-'Data Entry'!$B15)/AVERAGE('Data Entry'!$L15,'Data Entry'!$M15),""),"") -> 0.89552239 | O15: =SUM($N$10:$N15) -> 10.695522 | P15: =('Data Entry'!$C15-'Data Entry'!$B$10)/(SUM($N$10:$N15)) -> 233.74267
B16: =CONCATENATE('Data Entry'!B16, " - ",'Data Entry'!C16) -> 3200 - 3750 | C16: =IF('Data Entry'!D16="","",'Data Entry'!D16) -> Seven Rivers | D16: =IF('Data Entry'!E16="","",'Data Entry'!E16) -> Limey Anyhydrite and Salt Stringers | E16: =IF(AND('Data Entry'!F16>0,'Data Entry'!G16>0),CONCATENATE('Data Entry'!F16," - ",'Data Entry'!G16),CONCATENATE('Data Entry'!F16,'Data Entry'!G16)) -> 30 - 45 | F16: =IF(AND('Data Entry'!H16>0,'Data Entry'!I16>0),CONCATENATE('Data Entry'!H16," - ",'Data Entry'!I16),CONCATENATE('Data Entry'!H16,'Data Entry'!I16)) -> 65 - 75 | G16: =IF(AND('Data Entry'!J16>0,'Data Entry'!K16>0),CONCATENATE('Data Entry'!J16," - ",'Data Entry'!K16),CONCATENATE('Data Entry'!J16,'Data Entry'!K16)) -> 345 - 355 | H16: =IF('Data Entry'!O16="","",'Data Entry'!O16) -> 700 | I16: =IF(AND('Data Entry'!L16>0,'Data Entry'!M16>0),CONCATENATE('Data Entry'!L16," - ",'Data Entry'!M16),CONCATENATE('Data Entry'!L16,'Data Entry'!M16)) -> 160 - 175 | K16: =IFERROR(AVERAGE('Data Entry'!L16,'Data Entry'!M16),"") -> 167.5 | M16: =AVERAGE('Data Entry'!L16,'Data Entry'!M16)/AVERAGE('Data Entry'!J16,'Data Entry'!K16)/5 -> 0.095714286 | N16: =IFERROR(IF(AND('Data Entry'!$B16>0,'Data Entry'!$C16>0,'Data Entry'!$L16>0,'Data Entry'!M16>0),('Data Entry'!$C16-'Data Entry'!$B16)/AVERAGE('Data Entry'!$L16,'Data Entry'!$M16),""),"") -> 3.2835821 | O16: =SUM($N$10:$N16) -> 13.979104 | P16: =('Data Entry'!$C16-'Data Entry'!$B$10)/(SUM($N$10:$N16)) -> 218.18279
B17: =CONCATENATE('Data Entry'!B17, " - ",'Data Entry'!C17) -> 3750 - 5500 | C17: =IF('Data Entry'!D17="","",'Data Entry'!D17) -> Queen | D17: =IF('Data Entry'!E17="","",'Data Entry'!E17) -> Sand with Anyhydrite Stringers | E17: =IF(AND('Data Entry'!F17>0,'Data Entry'!G17>0),CONCATENATE('Data Entry'!F17," - ",'Data Entry'!G17),CONCATENATE('Data Entry'!F17,'Data Entry'!G17)) -> 30 - 45 | F17: =IF(AND('Data Entry'!H17>0,'Data Entry'!I17>0),CONCATENATE('Data Entry'!H17," - ",'Data Entry'!I17),CONCATENATE('Data Entry'!H17,'Data Entry'!I17)) -> 65 - 75 | G17: =IF(AND('Data Entry'!J17>0,'Data Entry'!K17>0),CONCATENATE('Data Entry'!J17," - ",'Data Entry'!K17),CONCATENATE('Data Entry'!J17,'Data Entry'!K17)) -> 345 - 355 | H17: =IF('Data Entry'!O17="","",'Data Entry'!O17) -> 700 | I17: =IF(AND('Data Entry'!L17>0,'Data Entry'!M17>0),CONCATENATE('Data Entry'!L17," - ",'Data Entry'!M17),CONCATENATE('Data Entry'!L17,'Data Entry'!M17)) -> 160 - 175 | K17: =IFERROR(AVERAGE('Data Entry'!L17,'Data Entry'!M17),"") -> 167.5 | M17: =AVERAGE('Data Entry'!L17,'Data Entry'!M17)/AVERAGE('Data Entry'!J17,'Data Entry'!K17)/5 -> 0.095714286 | N17: =IFERROR(IF(AND('Data Entry'!$B17>0,'Data Entry'!$C17>0,'Data Entry'!$L17>0,'Data Entry'!M17>0),('Data Entry'!$C17-'Data Entry'!$B17)/AVERAGE('Data Entry'!$L17,'Data Entry'!$M17),""),"") -> 10.447761 | O17: =SUM($N$10:$N17) -> 24.426866 | P17: =('Data Entry'!$C17-'Data Entry'!$B$10)/(SUM($N$10:$N17)) -> 196.50495
B18: =CONCATENATE('Data Entry'!B18, " - ",'Data Entry'!C18) -> 5500 - 5800 | C18: =IF('Data Entry'!D18="","",'Data Entry'!D18) -> San Andres | D18: =IF('Data Entry'!E18="","",'Data Entry'!E18) -> Dolomite-Hard Cap at Grayburg | E18: =IF(AND('Data Entry'!F18>0,'Data Entry'!G18>0),CONCATENATE('Data Entry'!F18," - ",'Data Entry'!G18),CONCATENATE('Data Entry'!F18,'Data Entry'!G18)) -> 35 - 45 | F18: =IF(AND('Data Entry'!H18>0,'Data Entry'!I18>0),CONCATENATE('Data Entry'!H18," - ",'Data Entry'!I18),CONCATENATE('Data Entry'!H18,'Data Entry'!I18)) -> 50 - 60 | G18: =IF(AND('Data Entry'!J18>0,'Data Entry'!K18>0),CONCATENATE('Data Entry'!J18," - ",'Data Entry'!K18),CONCATENATE('Data Entry'!J18,'Data Entry'!K18)) -> 330 - 340 | H18: =IF('Data Entry'!O18="","",'Data Entry'!O18) -> 700 | I18: =IF(AND('Data Entry'!L18>0,'Data Entry'!M18>0),CONCATENATE('Data Entry'!L18," - ",'Data Entry'!M18),CONCATENATE('Data Entry'!L18,'Data Entry'!M18)) -> 150 - 160 | K18: =IFERROR(AVERAGE('Data Entry'!L18,'Data Entry'!M18),"") -> 155 | M18: =AVERAGE('Data Entry'!L18,'Data Entry'!M18)/AVERAGE('Data Entry'!J18,'Data Entry'!K18)/5 -> 0.092537313 | N18: =IFERROR(IF(AND('Data Entry'!$B18>0,'Data Entry'!$C18>0,'Data Entry'!$L18>0,'Data Entry'!M18>0),('Data Entry'!$C18-'Data Entry'!$B18)/AVERAGE('Data Entry'!$L18,'Data Entry'!$M18),""),"") -> 1.9354839 | O18: =SUM($N$10:$N18) -> 26.36235 | P18: =('Data Entry'!$C18-'Data Entry'!$B$10)/(SUM($N$10:$N18)) -> 193.45772
B19: =CONCATENATE('Data Entry'!B19, " - ",'Data Entry'!C19) -> 5800 - 6015 | C19: =IF('Data Entry'!D19="","",'Data Entry'!D19) -> Glorietta | D19: =IF('Data Entry'!E19="","",'Data Entry'!E19) -> Cherty Dolomite, Limestone,Sands | E19: =IF(AND('Data Entry'!F19>0,'Data Entry'!G19>0),CONCATENATE('Data Entry'!F19," - ",'Data Entry'!G19),CONCATENATE('Data Entry'!F19,'Data Entry'!G19)) -> 35 - 38 | F19: =IF(AND('Data Entry'!H19>0,'Data Entry'!I19>0),CONCATENATE('Data Entry'!H19," - ",'Data Entry'!I19),CONCATENATE('Data Entry'!H19,'Data Entry'!I19)) -> 60 - 80 | G19: =IF(AND('Data Entry'!J19>0,'Data Entry'!K19>0),CONCATENATE('Data Entry'!J19," - ",'Data Entry'!K19),CONCATENATE('Data Entry'!J19,'Data Entry'!K19)) -> 340 - 360 | H19: =IF('Data Entry'!O19="","",'Data Entry'!O19) -> 700 | I19: =IF(AND('Data Entry'!L19>0,'Data Entry'!M19>0),CONCATENATE('Data Entry'!L19," - ",'Data Entry'!M19),CONCATENATE('Data Entry'!L19,'Data Entry'!M19)) -> 125 - 160 | K19: =IFERROR(AVERAGE('Data Entry'!L19,'Data Entry'!M19),"") -> 142.5 | M19: =AVERAGE('Data Entry'!L19,'Data Entry'!M19)/AVERAGE('Data Entry'!J19,'Data Entry'!K19)/5 -> 0.081428571 | N19: =IFERROR(IF(AND('Data Entry'!$B19>0,'Data Entry'!$C19>0,'Data Entry'!$L19>0,'Data Entry'!M19>0),('Data Entry'!$C19-'Data Entry'!$B19)/AVERAGE('Data Entry'!$L19,'Data Entry'!$M19),""),"") -> 1.5087719 | O19: =SUM($N$10:$N19) -> 27.871121 | P19: =('Data Entry'!$C19-'Data Entry'!$B$10)/(SUM($N$10:$N19)) -> 190.69918
B20: =CONCATENATE('Data Entry'!B20, " - ",'Data Entry'!C20) -> 6015 - 7795 | C20: =IF('Data Entry'!D20="","",'Data Entry'!D20) -> Clearfork | D20: =IF('Data Entry'!E20="","",'Data Entry'!E20) -> Limestone | E20: =IF(AND('Data Entry'!F20>0,'Data Entry'!G20>0),CONCATENATE('Data Entry'!F20," - ",'Data Entry'!G20),CONCATENATE('Data Entry'!F20,'Data Entry'!G20)) -> 38 - 40 | F20: =IF(AND('Data Entry'!H20>0,'Data Entry'!I20>0),CONCATENATE('Data Entry'!H20," - ",'Data Entry'!I20),CONCATENATE('Data Entry'!H20,'Data Entry'!I20)) -> 60 - 70 | G20: =IF(AND('Data Entry'!J20>0,'Data Entry'!K20>0),CONCATENATE('Data Entry'!J20," - ",'Data Entry'!K20),CONCATENATE('Data Entry'!J20,'Data Entry'!K20)) -> 340 - 350 | H20: =IF('Data Entry'!O20="","",'Data Entry'!O20) -> 700 | I20: =IF(AND('Data Entry'!L20>0,'Data Entry'!M20>0),CONCATENATE('Data Entry'!L20," - ",'Data Entry'!M20),CONCATENATE('Data Entry'!L20,'Data Entry'!M20)) -> 150 - 160 | K20: =IFERROR(AVERAGE('Data Entry'!L20,'Data Entry'!M20),"") -> 155 | M20: =AVERAGE('Data Entry'!L20,'Data Entry'!M20)/AVERAGE('Data Entry'!J20,'Data Entry'!K20)/5 -> 0.089855072 | N20: =IFERROR(IF(AND('Data Entry'!$B20>0,'Data Entry'!$C20>0,'Data Entry'!$L20>0,'Data Entry'!M20>0),('Data Entry'!$C20-'Data Entry'!$B20)/AVERAGE('Data Entry'!$L20,'Data Entry'!$M20),""),"") -> 11.483871 | O20: =SUM($N$10:$N20) -> 39.354992 | P20: =('Data Entry'!$C20-'Data Entry'!$B$10)/(SUM($N$10:$N20)) -> 180.28208
B21: =CONCATENATE('Data Entry'!B21, " - ",'Data Entry'!C21) -> 7795 - 9154 | C21: =IF('Data Entry'!D21="","",'Data Entry'!D21) -> Sprayberry | D21: =IF('Data Entry'!E21="","",'Data Entry'!E21) -> Shaly Sand | E21: =IF(AND('Data Entry'!F21>0,'Data Entry'!G21>0),CONCATENATE('Data Entry'!F21," - ",'Data Entry'!G21),CONCATENATE('Data Entry'!F21,'Data Entry'!G21)) -> 25 - 35 | F21: =IF(AND('Data Entry'!H21>0,'Data Entry'!I21>0),CONCATENATE('Data Entry'!H21," - ",'Data Entry'!I21),CONCATENATE('Data Entry'!H21,'Data Entry'!I21)) -> 60 - 70 | G21: =IF(AND('Data Entry'!J21>0,'Data Entry'!K21>0),CONCATENATE('Data Entry'!J21," - ",'Data Entry'!K21),CONCATENATE('Data Entry'!J21,'Data Entry'!K21)) -> 340 - 350 | H21: =IF('Data Entry'!O21="","",'Data Entry'!O21) -> 700 | I21: =IF(AND('Data Entry'!L21>0,'Data Entry'!M21>0),CONCATENATE('Data Entry'!L21," - ",'Data Entry'!M21),CONCATENATE('Data Entry'!L21,'Data Entry'!M21)) -> 165 - 175 | K21: =IFERROR(AVERAGE('Data Entry'!L21,'Data Entry'!M21),"") -> 170 | M21: =AVERAGE('Data Entry'!L21,'Data Entry'!M21)/AVERAGE('Data Entry'!J21,'Data Entry'!K21)/5 -> 0.098550725 | N21: =IFERROR(IF(AND('Data Entry'!$B21>0,'Data Entry'!$C21>0,'Data Entry'!$L21>0,'Data Entry'!M21>0),('Data Entry'!$C21-'Data Entry'!$B21)/AVERAGE('Data Entry'!$L21,'Data Entry'!$M21),""),"") -> 7.9941176 | O21: =SUM($N$10:$N21) -> 47.34911 | P21: =('Data Entry'!$C21-'Data Entry'!$B$10)/(SUM($N$10:$N21)) -> 178.54612
... B27: =CONCATENATE('Data Entry'!B27, " - ",'Data Entry'!C27) -> 11924 - 20000 | C27: =IF('Data Entry'!D27="","",'Data Entry'!D27) -> Barnett Lateral | D27: =IF('Data Entry'!E27="","",'Data Entry'!E27) -> Limestone | E27: =IF(AND('Data Entry'!F27>0,'Data Entry'!G27>0),CONCATENATE('Data Entry'!F27," - ",'Data Entry'!G27),CONCATENATE('Data Entry'!F27,'Data Entry'!G27)) -> 40 - 45 | F27: =IF(AND('Data Entry'!H27>0,'Data Entry'!I27>0),CONCATENATE('Data Entry'!H27," - ",'Data Entry'!I27),CONCATENATE('Data Entry'!H27,'Data Entry'!I27)) -> 50 - 70 | G27: =IF(AND('Data Entry'!J27>0,'Data Entry'!K27>0),CONCATENATE('Data Entry'!J27," - ",'Data Entry'!K27),CONCATENATE('Data Entry'!J27,'Data Entry'!K27)) -> 330 - 350 | H27: =IF('Data Entry'!O27="","",'Data Entry'!O27) -> 700 | I27: =IF(AND('Data Entry'!L27>0,'Data Entry'!M27>0),CONCATENATE('Data Entry'!L27," - ",'Data Entry'!M27),CONCATENATE('Data Entry'!L27,'Data Entry'!M27)) -> 175 - 225 | K27: =IFERROR(AVERAGE('Data Entry'!L27,'Data Entry'!M27),"") -> 200 | M27: =AVERAGE('Data Entry'!L27,'Data Entry'!M27)/AVERAGE('Data Entry'!J27,'Data Entry'!K27)/5 -> 0.11764706 | N27: =IFERROR(IF(AND('Data Entry'!$B27>0,'Data Entry'!$C27>0,'Data Entry'!$L27>0,'Data Entry'!M27>0),('Data Entry'!$C27-'Data Entry'!$B27)/AVERAGE('Data Entry'!$L27,'Data Entry'!$M27),""),"") -> 40.38 | O27: =SUM($N$10:$N27) -> 107.67063 | P27: =('Data Entry'!$C27-'Data Entry'!$B$10)/(SUM($N$10:$N27)) -> 179.25036
M28: =P28/AVERAGE('Data Entry'!J27,'Data Entry'!K27)/5 -> 0.10544139 | N28: =SUM(N$10:N$27) -> 107.67063 | P28: =('Data Entry'!$C$27-'Data Entry'!$B$10)/$N$28 -> 179.25036
N29: =$N$28/24 -> 4.4862763
P74: =IF('Data Entry'!$B$5="","",'Data Entry'!$B$5) -> 5132

Sheet Data Entry
B2: Roadmap --- Ø 8-1/2" 613-XR(K)(BR)
B4: Midland Basin ---VCL Run
B5: 5132 | Q5: Calc. for Chart
Q6: DO NOT MODIFY
O7: 0.4
B8: Hole Depth | D8: Formation | E8: Characteristics | F8: WOB | H8: Rotary rpm | J8: Σ rpm | L8: ROP | N8: DOC | O8: Flow | Q8: Depth | R8: ROP | S8: hrs
B9: in | C9: out | F9: Low | G9: High | H9: Low | I9: High | J9: Low | K9: High | L9: Low | M9: High | N9: Avg | O9: (GPM) | Q9: ='Data Entry'!B10 -> 700 | R9: =AVERAGE(L10,M10) -> 300 | S9: 0
B10: 700 | C10: 1520 | D10: Dockum | E10: Red bed, Sand | F10: 30 | G10: 45 | H10: 65 | I10: 75 | J10: =ROUND('Data Entry'!$H10+('Data Entry'!$O10*'Data Entry'!$O$7),0) -> 345 | K10: =ROUND('Data Entry'!$I10+('Data Entry'!$O10*'Data Entry'!$O$7),0) -> 355 | L10: 250 | M10: 350 | N10: =((C10-B10)*12)/(AVERAGE(J10,K10)*60*(S10-S9)) -> 0.17142857 | O10: 700 | Q10: ='Data Entry'!C10 -> 1520 | R10: =AVERAGE(L10,M10) -> 300 | S10: =Roadmap!O10 -> 2.7333333
B11: 1520 | C11: 1750 | D11: Santa Rosa | E11: Sand | F11: 30 | G11: 45 | H11: 65 | I11: 75 | J11: =ROUND('Data Entry'!$H11+('Data Entry'!$O11*'Data Entry'!$O$7),0) -> 345 | K11: =ROUND('Data Entry'!$I11+('Data Entry'!$O11*'Data Entry'!$O$7),0) -> 355 | L11: 200 | M11: 250 | N11: =((C11-B11)*12)/(AVERAGE(J11,K11)*60*(S11-S10)) -> 0.12857143 | O11: 700 | Q11: ='Data Entry'!C11 -> 1750 | R11: =AVERAGE(L11,M11) -> 225 | S11: =Roadmap!O11 -> 3.7555556
B12: 1750 | C12: 2750 | D12: Rustler | E12: Sand, Anyhydrite | F12: 30 | G12: 45 | H12: 65 | I12: 75 | J12: =ROUND('Data Entry'!$H12+('Data Entry'!$O12*'Data Entry'!$O$7),0) -> 345 | K12: =ROUND('Data Entry'!$I12+('Data Entry'!$O12*'Data Entry'!$O$7),0) -> 355 | L12: 200 | M12: 250 | N12: =((C12-B12)*12)/(AVERAGE(J12,K12)*60*(S12-S11)) -> 0.12857143 | O12: 700 | Q12: ='Data Entry'!C12 -> 2750 | R12: =AVERAGE(L12,M12) -> 225 | S12: =Roadmap!O12 -> 8.2
B13: 2750 | C13: 2800 | D13: Salado | E13: Salt, Anyhydrite Stringers | F13: 30 | G13: 45 | H13: 65 | I13: 75 | J13: =ROUND('Data Entry'!$H13+('Data Entry'!$O13*'Data Entry'!$O$7),0) -> 345 | K13: =ROUND('Data Entry'!$I13+('Data Entry'!$O13*'Data Entry'!$O$7),0) -> 355 | L13: 175 | M13: 200 | N13: =((C13-B13)*12)/(AVERAGE(J13,K13)*60*(S13-S12)) -> 0.10714286 | O13: 700 | Q13: ='Data Entry'!C13 -> 2800 | R13: =AVERAGE(L13,M13) -> 187.5 | S13: =Roadmap!O13 -> 8.4666667
B14: 2800 | C14: 3050 | D14: Tansill | E14: Anyhydrite | F14: 30 | G14: 45 | H14: 65 | I14: 75 | J14: =ROUND('Data Entry'!$H14+('Data Entry'!$O14*'Data Entry'!$O$7),0) -> 345 | K14: =ROUND('Data Entry'!$I14+('Data Entry'!$O14*'Data Entry'!$O$7),0) -> 355 | L14: 175 | M14: 200 | N14: =((C14-B14)*12)/(AVERAGE(J14,K14)*60*(S14-S13)) -> 0.10714286 | O14: 700 | Q14: ='Data Entry'!C14 -> 3050 | R14: =AVERAGE(L14,M14) -> 187.5 | S14: =Roadmap!O14 -> 9.8
B15: 3050 | C15: 3200 | D15: Yates | E15: Sand, Anyhydrite Stringers, Shale | F15: 30 | G15: 45 | H15: 65 | I15: 75 | J15: =ROUND('Data Entry'!$H15+('Data Entry'!$O15*'Data Entry'!$O$7),0) -> 345 | K15: =ROUND('Data Entry'!$I15+('Data Entry'!$O15*'Data Entry'!$O$7),0) -> 355 | L15: 160 | M15: 175 | N15: =((C15-B15)*12)/(AVERAGE(J15,K15)*60*(S15-S14)) -> 0.095714286 | O15: 700 | Q15: ='Data Entry'!C15 -> 3200 | R15: =AVERAGE(L15,M15) -> 167.5 | S15: =Roadmap!O15 -> 10.695522
B16: 3200 | C16: 3750 | D16: Seven Rivers | E16: Limey Anyhydrite and Salt Stringers | F16: 30 | G16: 45 | H16: 65 | I16: 75 | J16: =ROUND('Data Entry'!$H16+('Data Entry'!$O16*'Data Entry'!$O$7),0) -> 345 | K16: =ROUND('Data Entry'!$I16+('Data Entry'!$O16*'Data Entry'!$O$7),0) -> 355 | L16: 160 | M16: 175 | N16: =((C16-B16)*12)/(AVERAGE(J16,K16)*60*(S16-S15)) -> 0.095714286 | O16: 700 | Q16: ='Data Entry'!C16 -> 3750 | R16: =AVERAGE(L16,M16) -> 167.5 | S16: =Roadmap!O16 -> 13.979104
B17: 3750 | C17: 5500 | D17: Queen | E17: Sand with Anyhydrite Stringers | F17: 30 | G17: 45 | H17: 65 | I17: 75 | J17: =ROUND('Data Entry'!$H17+('Data Entry'!$O17*'Data Entry'!$O$7),0) -> 345 | K17: =ROUND('Data Entry'!$I17+('Data Entry'!$O17*'Data Entry'!$O$7),0) -> 355 | L17: 160 | M17: 175 | N17: =((C17-B17)*12)/(AVERAGE(J17,K17)*60*(S17-S16)) -> 0.095714286 | O17: 700 | Q17: ='Data Entry'!C17 -> 5500 | R17: =AVERAGE(L17,M17) -> 167.5 | S17: =Roadmap!O17 -> 24.426866
B18: 5500 | C18: 5800 | D18: San Andres | E18: Dolomite-Hard Cap at Grayburg | F18: 35 | G18: 45 | H18: 50 | I18: 60 | J18: =ROUND('Data Entry'!$H18+('Data Entry'!$O18*'Data Entry'!$O$7),0) -> 330 | K18: =ROUND('Data Entry'!$I18+('Data Entry'!$O18*'Data Entry'!$O$7),0) -> 340 | L18: 150 | M18: 160 | N18: =((C18-B18)*12)/(AVERAGE(J18,K18)*60*(S18-S17)) -> 0.092537313 | O18: 700 | Q18: ='Data Entry'!C18 -> 5800 | R18: =AVERAGE(L18,M18) -> 155 | S18: =Roadmap!O18 -> 26.36235
B19: 5800 | C19: 6015 | D19: Glorietta | E19: Cherty Dolomite, Limestone,Sands | F19: 35 | G19: 38 | H19: 60 | I19: 80 | J19: =ROUND('Data Entry'!$H19+('Data Entry'!$O19*'Data Entry'!$O$7),0) -> 340 | K19: =ROUND('Data Entry'!$I19+('Data Entry'!$O19*'Data Entry'!$O$7),0) -> 360 | L19: 125 | M19: 160 | N19: =((C19-B19)*12)/(AVERAGE(J19,K19)*60*(S19-S18)) -> 0.081428571 | O19: 700 | Q19: ='Data Entry'!C19 -> 6015 | R19: =AVERAGE(L19,M19) -> 142.5 | S19: =Roadmap!O19 -> 27.871121
B20: 6015 | C20: 7795 | D20: Clearfork | E20: Limestone | F20: 38 | G20: 40 | H20: 60 | I20: 70 | J20: =ROUND('Data Entry'!$H20+('Data Entry'!$O20*'Data Entry'!$O$7),0) -> 340 | K20: =ROUND('Data Entry'!$I20+('Data Entry'!$O20*'Data Entry'!$O$7),0) -> 350 | L20: 150 | M20: 160 | N20: =((C20-B20)*12)/(AVERAGE(J20,K20)*60*(S20-S19)) -> 0.089855072 | O20: 700 | Q20: ='Data Entry'!C20 -> 7795 | R20: =AVERAGE(L20,M20) -> 155 | S20: =Roadmap!O20 -> 39.354992
B21: 7795 | C21: 9154 | D21: Sprayberry | E21: Shaly Sand | F21: 25 | G21: 35 | H21: 60 | I21: 70 | J21: =ROUND('Data Entry'!$H21+('Data Entry'!$O21*'Data Entry'!$O$7),0) -> 340 | K21: =ROUND('Data Entry'!$I21+('Data Entry'!$O21*'Data Entry'!$O$7),0) -> 350 | L21: 165 | M21: 175 | N21: =((C21-B21)*12)/(AVERAGE(J21,K21)*60*(S21-S20)) -> 0.098550725 | O21: 700 | Q21: ='Data Entry'!C21 -> 9154 | R21: =AVERAGE(L21,M21) -> 170 | S21: =Roadmap!O21 -> 47.34911
... B27: 11924 | C27: 20000 | D27: Barnett Lateral | E27: Limestone | F27: 40 | G27: 45 | H27: 50 | I27: 70 | J27: =ROUND('Data Entry'!$H27+('Data Entry'!$O27*'Data Entry'!$O$7),0) -> 330 | K27: =ROUND('Data Entry'!$I27+('Data Entry'!$O27*'Data Entry'!$O$7),0) -> 350 | L27: 175 | M27: 225 | N27: =((C27-B27)*12)/(AVERAGE(J27,K27)*60*(S27-S26)) -> 0.11764706 | O27: 700 | Q27: ='Data Entry'!C27 -> 20000 | R27: =AVERAGE(L27,M27) -> 200 | S27: =Roadmap!O27 -> 107.67063
