Workbook

Sheet Roadmap
B2: =IF('Data Entry'!$B$2="","",'Data Entry'!$B$2) -> Roadmap --- Ø 12-1/4" 616-SR+9(K)(BR)
B5: =IF('Data Entry'!$B$4="","",'Data Entry'!$B$4) -> Midland Basin --- Intermediate Interval
H7: =IF('Data Entry'!N8="","",'Data Entry'!N8) -> 0.16 | M7: On Bottom
B8: Depth | C8: Formation | D8: Characteristics | E8: WOB | F8: Rotary | G8: Total | H8: Flow | I8: Expected ROP | M8: Section | N8: Cumulative
B9: (ft) | E9: (KLBS) | F9: (rpm) | G9: (rpm) | H9: (GPM) | I9: (ft/hr) | M9: (hrs) | N9: (hrs) | O9: ROP
B10: =CONCATENATE('Data Entry'!B11, " - ",'Data Entry'!C11) -> 1800 - 2500 | C10: =IF('Data Entry'!D11="","",'Data Entry'!D11) -> Rustler | D10: =IF('Data Entry'!E11="","",'Data Entry'!E11) | E10: =IF(AND('Data Entry'!F11>0,'Data Entry'!G11>0),CONCATENATE('Data Entry'!F11," - ",'Data Entry'!G11),CONCATENATE('Data Entry'!F11,'Data Entry'!G11)) -> 35 | F10: =IF(AND('Data Entry'!H11>0,'Data Entry'!I11>0),CONCATENATE('Data Entry'!H11," - ",'Data Entry'!I11),CONCATENATE('Data Entry'!H11,'Data Entry'!I11)) -> 60 - 80 | G10: =IF(AND('Data Entry'!J11>0,'Data Entry'!K11>0),CONCATENATE('Data Entry'!J11," - ",'Data Entry'!K11),CONCATENATE('Data Entry'!J11,'Data Entry'!K11)) -> 220 - 240 | H10: =IF('Data Entry'!N11="","",'Data Entry'!N11) -> 1000 | I10: =IF(AND('Data Entry'!L11>0,'Data Entry'!M11>0),CONCATENATE('Data Entry'!L11," - ",'Data Entry'!M11),CONCATENATE('Data Entry'!L11,'Data Entry'!M11)) -> 300 - 320 | K10: =IFERROR(AVERAGE('Data Entry'!L11,'Data Entry'!M11),"") -> 310 | M10: =IFERROR(IF(AND('Data Entry'!$B11>0,'Data Entry'!$C11>0,'Data Entry'!$L11>0,'Data Entry'!M11>0),('Data Entry'!$C11-'Data Entry'!$B11)/AVERAGE('Data Entry'!$L11,'Data Entry'!$M11),""),"") -> 2.2580645 | N10: =SUM($M$10:$M10) -> 2.2580645 | O10: =('Data Entry'!$C11-'Data Entry'!$B$11)/(SUM($M$10:$M10)) -> 310
B11: =CONCATENATE('Data Entry'!B12, " - ",'Data Entry'!C12) -> 2500 - 3000 | C11: =IF('Data Entry'!D12="","",'Data Entry'!D12) -> Salado | D11: =IF('Data Entry'!E12="","",'Data Entry'!E12) | E11: =IF(AND('Data Entry'!F12>0,'Data Entry'!G12>0),CONCATENATE('Data Entry'!F12," - ",'Data Entry'!G12),CONCATENATE('Data Entry'!F12,'Data Entry'!G12)) -> 42 | F11: =IF(AND('Data Entry'!H12>0,'Data Entry'!I12>0),CONCATENATE('Data Entry'!H12," - ",'Data Entry'!I12),CONCATENATE('Data Entry'!H12,'Data Entry'!I12)) -> 60 - 80 | G11: =IF(AND('Data Entry'!J12>0,'Data Entry'!K12>0),CONCATENATE('Data Entry'!J12," - ",'Data Entry'!K12),CONCATENATE('Data Entry'!J12,'Data Entry'!K12)) -> 220 - 240 | H11: =IF('Data Entry'!N12="","",'Data Entry'!N12) -> 1000 | I11: =IF(AND('Data Entry'!L12>0,'Data Entry'!M12>0),CONCATENATE('Data Entry'!L12," - ",'Data Entry'!M12),CONCATENATE('Data Entry'!L12,'Data Entry'!M12)) -> 300 - 320 | K11: =IFERROR(AVERAGE('Data Entry'!L12,'Data Entry'!M12),"") -> 310 | M11: =IFERROR(IF(AND('Data Entry'!$B12>0,'Data Entry'!$C12>0,'Data Entry'!$L12>0,'Data Entry'!M12>0),('Data Entry'!$C12-'Data Entry'!$B12)/AVERAGE('Data Entry'!$L12,'Data Entry'!$M12),""),"") -> 1.6129032 | N11: =SUM($M$10:$M11) -> 3.8709677 | O11: =('Data Entry'!$C12-'Data Entry'!$B$11)/(SUM($M$10:$M11)) -> 310
B12: =CONCATENATE('Data Entry'!B13, " - ",'Data Entry'!C13) -> 3000 - 3500 | C12: =IF('Data Entry'!D13="","",'Data Entry'!D13) -> Yates | D12: =IF('Data Entry'!E13="","",'Data Entry'!E13) -> Anhydrite, Salt | E12: =IF(AND('Data Entry'!F13>0,'Data Entry'!G13>0),CONCATENATE('Data Entry'!F13," - ",'Data Entry'!G13),CONCATENATE('Data Entry'!F13,'Data Entry'!G13)) -> 40 | F12: =IF(AND('Data Entry'!H13>0,'Data Entry'!I13>0),CONCATENATE('Data Entry'!H13," - ",'Data Entry'!I13),CONCATENATE('Data Entry'!H13,'Data Entry'!I13)) -> 60 - 70 | G12: =IF(AND('Data Entry'!J13>0,'Data Entry'!K13>0),CONCATENATE('Data Entry'!J13," - ",'Data Entry'!K13),CONCATENATE('Data Entry'!J13,'Data Entry'!K13)) -> 220 - 230 | H12: =IF('Data Entry'!N13="","",'Data Entry'!N13) -> 1000 | I12: =IF(AND('Data Entry'!L13>0,'Data Entry'!M13>0),CONCATENATE('Data Entry'!L13," - ",'Data Entry'!M13),CONCATENATE('Data Entry'!L13,'Data Entry'!M13)) -> 260 - 280 | K12: =IFERROR(AVERAGE('Data Entry'!L13,'Data Entry'!M13),"") -> 270 | M12: =IFERROR(IF(AND('Data Entry'!$B13>0,'Data Entry'!$C13>0,'Data Entry'!$L13>0,'Data Entry'!M13>0),('Data Entry'!$C13-'Data Entry'!$B13)/AVERAGE('Data Entry'!$L13,'Data Entry'!$M13),""),"") -> 1.8518519 | N12: =SUM($M$10:$M12) -> 5.7228196 | O12: =('Data Entry'!$C13-'Data Entry'!$B$11)/(SUM($M$10:$M12)) -> 297.05637
B13: =CONCATENATE('Data Entry'!B14, " - ",'Data Entry'!C14) -> 3500 - 4000 | C13: =IF('Data Entry'!D14="","",'Data Entry'!D14) -> Seven Rivers | D13: =IF('Data Entry'!E14="","",'Data Entry'!E14) -> Sand, w/ Anhydrite Stringers, Shale | E13: =IF(AND('Data Entry'!F14>0,'Data Entry'!G14>0),CONCATENATE('Data Entry'!F14," - ",'Data Entry'!G14),CONCATENATE('Data Entry'!F14,'Data Entry'!G14)) -> 44 | F13: =IF(AND('Data Entry'!H14>0,'Data Entry'!I14>0),CONCATENATE('Data Entry'!H14," - ",'Data Entry'!I14),CONCATENATE('Data Entry'!H14,'Data Entry'!I14)) -> 60 - 70 | G13: =IF(AND('Data Entry'!J14>0,'Data Entry'!K14>0),CONCATENATE('Data Entry'!J14," - ",'Data Entry'!K14),CONCATENATE('Data Entry'!J14,'Data Entry'!K14)) -> 220 - 230 | H13: =IF('Data Entry'!N14="","",'Data Entry'!N14) -> 1000 | I13: =IF(AND('Data Entry'!L14>0,'Data Entry'!M14>0),CONCATENATE('Data Entry'!L14," - ",'Data Entry'!M14),CONCATENATE('Data Entry'!L14,'Data Entry'!M14)) -> 220 - 240 | K13: =IFERROR(AVERAGE('Data Entry'!L14,'Data Entry'!M14),"") -> 230 | M13: =IFERROR(IF(AND('Data Entry'!$B14>0,'Data Entry'!$C14>0,'Data Entry'!$L14>0,'Data Entry'!M14>0),('Data Entry'!$C14-'Data Entry'!$B14)/AVERAGE('Data Entry'!$L14,'Data Entry'!$M14),""),"") -> 2.173913 | N13: =SUM($M$10:$M13) -> 7.8967326 | O13: =('Data Entry'!$C14-'Data Entry'!$B$11)/(SUM($M$10:$M13)) -> 278.59624
B14: =CONCATENATE('Data Entry'!B15, " - ",'Data Entry'!C15) -> 4000 - 4500 | C14: =IF('Data Entry'!D15="","",'Data Entry'!D15) -> Transition Zone | D14: =IF('Data Entry'!E15="","",'Data Entry'!E15) -> Can be Lime stringers | E14: =IF(AND('Data Entry'!F15>0,'Data Entry'!G15>0),CONCATENATE('Data Entry'!F15," - ",'Data Entry'!G15),CONCATENATE('Data Entry'!F15,'Data Entry'!G15)) -> 50 | F14: =IF(AND('Data Entry'!H15>0,'Data Entry'!I15>0),CONCATENATE('Data Entry'!H15," - ",'Data Entry'!I15),CONCATENATE('Data Entry'!H15,'Data Entry'!I15)) -> 40 - 60 | G14: =IF(AND('Data Entry'!J15>0,'Data Entry'!K15>0),CONCATENATE('Data Entry'!J15," - ",'Data Entry'!K15),CONCATENATE('Data Entry'!J15,'Data Entry'!K15)) -> 184 - 204 | H14: =IF('Data Entry'!N15="","",'Data Entry'!N15) -> 900 | I14: =IF(AND('Data Entry'!L15>0,'Data Entry'!M15>0),CONCATENATE('Data Entry'!L15," - ",'Data Entry'!M15),CONCATENATE('Data Entry'!L15,'Data Entry'!M15)) -> 150 - 170 | K14: =IFERROR(AVERAGE('Data Entry'!L15,'Data Entry'!M15),"") -> 160 | M14: =IFERROR(IF(AND('Data Entry'!$B15>0,'Data Entry'!$C15>0,'Data Entry'!$L15>0,'Data Entry'!M15>0),('Data Entry'!$C15-'Data Entry'!$B15)/AVERAGE('Data Entry'!$L15,'Data Entry'!$M15),""),"") -> 3.125 | N14: =SUM($M$10:$M14) -> 11.021733 | O14: =('Data Entry'!$C15-'Data Entry'!$B$11)/(SUM($M$10:$M14)) -> 244.97056
B15: =CONCATENATE('Data Entry'!B16, " - ",'Data Entry'!C16) -> 4500 - 5000 | C15: =IF('Data Entry'!D16="","",'Data Entry'!D16) -> Queen | D15: =IF('Data Entry'!E16="","",'Data Entry'!E16) -> Sand, w/ Anhydrite Stringers, Shale | E15: =IF(AND('Data Entry'!F16>0,'Data Entry'!G16>0),CONCATENATE('Data Entry'!F16," - ",'Data Entry'!G16),CONCATENATE('Data Entry'!F16,'Data Entry'!G16)) -> 46 | F15: =IF(AND('Data Entry'!H16>0,'Data Entry'!I16>0),CONCATENATE('Data Entry'!H16," - ",'Data Entry'!I16),CONCATENATE('Data Entry'!H16,'Data Entry'!I16)) -> 60 - 70 | G15: =IF(AND('Data Entry'!J16>0,'Data Entry'!K16>0),CONCATENATE('Data Entry'!J16," - ",'Data Entry'!K16),CONCATENATE('Data Entry'!J16,'Data Entry'!K16)) -> 204 - 214 | H15: =IF('Data Entry'!N16="","",'Data Entry'!N16) -> 900 | I15: =IF(AND('Data Entry'!L16>0,'Data Entry'!M16>0),CONCATENATE('Data Entry'!L16," - ",'Data Entry'!M16),CONCATENATE('Data Entry'!L16,'Data Entry'!M16)) -> 160 - 180 | K15: =IFERROR(AVERAGE('Data Entry'!L16,'Data Entry'!M16),"") -> 170 | M15: =IFERROR(IF(AND('Data Entry'!$B16>0,'Data Entry'!$C16>0,'Data Entry'!$L16>0,'Data Entry'!M16>0),('Data Entry'!$C16-'Data Entry'!$B16)/AVERAGE('Data Entry'!$L16,'Data Entry'!$M16),""),"") -> 2.9411765 | N15: =SUM($M$10:$M15) -> 13.962909 | O15: =('Data Entry'!$C16-'Data Entry'!$B$11)/(SUM($M$10:$M15)) -> 229.1786
B16: =CONCATENATE('Data Entry'!B17, " - ",'Data Entry'!C17) -> 5000 - 5500 | C16: =IF('Data Entry'!D17="","",'Data Entry'!D17) -> Grayburg | D16: =IF('Data Entry'!E17="","",'Data Entry'!E17) -> Dolomite - Hard cap (Can be Cherty) | E16: =IF(AND('Data Entry'!F17>0,'Data Entry'!G17>0),CONCATENATE('Data Entry'!F17," - ",'Data Entry'!G17),CONCATENATE('Data Entry'!F17,'Data Entry'!G17)) -> 49 | F16: =IF(AND('Data Entry'!H17>0,'Data Entry'!I17>0),CONCATENATE('Data Entry'!H17," - ",'Data Entry'!I17),CONCATENATE('Data Entry'!H17,'Data Entry'!I17)) -> 40 - 60 | G16: =IF(AND('Data Entry'!J17>0,'Data Entry'!K17>0),CONCATENATE('Data Entry'!J17," - ",'Data Entry'!K17),CONCATENATE('Data Entry'!J17,'Data Entry'!K17)) -> 184 - 204 | H16: =IF('Data Entry'!N17="","",'Data Entry'!N17) -> 900 | I16: =IF(AND('Data Entry'!L17>0,'Data Entry'!M17>0),CONCATENATE('Data Entry'!L17," - ",'Data Entry'!M17),CONCATENATE('Data Entry'!L17,'Data Entry'!M17)) -> 130 - 150 | K16: =IFERROR(AVERAGE('Data Entry'!L17,'Data Entry'!M17),"") -> 140 | M16: =IFERROR(IF(AND('Data Entry'!$B17>0,'Data Entry'!$C17>0,'Data Entry'!$L17>0,'Data Entry'!M17>0),('Data Entry'!$C17-'Data Entry'!$B17)/AVERAGE('Data Entry'!$L17,'Data Entry'!$M17),""),"") -> 3.5714286 | N16: =SUM($M$10:$M16) -> 17.534338 | O16: =('Data Entry'!$C17-'Data Entry'!$B$11)/(SUM($M$10:$M16)) -> 211.01453
B17: =CONCATENATE('Data Entry'!B18, " - ",'Data Entry'!C18) -> 5500 - 6000 | C17: =IF('Data Entry'!D18="","",'Data Entry'!D18) -> San Andres & Holt | D17: =IF('Data Entry'!E18="","",'Data Entry'!E18) -> Dolomite - Hard cap (Can be Cherty) | E17: =IF(AND('Data Entry'!F18>0,'Data Entry'!G18>0),CONCATENATE('Data Entry'!F18," - ",'Data Entry'!G18),CONCATENATE('Data Entry'!F18,'Data Entry'!G18)) -> 52 | F17: =IF(AND('Data Entry'!H18>0,'Data Entry'!I18>0),CONCATENATE('Data Entry'!H18," - ",'Data Entry'!I18),CONCATENATE('Data Entry'!H18,'Data Entry'!I18)) -> 50 - 60 | G17: =IF(AND('Data Entry'!J18>0,'Data Entry'!K18>0),CONCATENATE('Data Entry'!J18," - ",'Data Entry'!K18),CONCATENATE('Data Entry'!J18,'Data Entry'!K18)) -> 194 - 204 | H17: =IF('Data Entry'!N18="","",'Data Entry'!N18) -> 900 | I17: =IF(AND('Data Entry'!L18>0,'Data Entry'!M18>0),CONCATENATE('Data Entry'!L18," - ",'Data Entry'!M18),CONCATENATE('Data Entry'!L18,'Data Entry'!M18)) -> 160 - 180 | K17: =IFERROR(AVERAGE('Data Entry'!L18,'Data Entry'!M18),"") -> 170 | M17: =IFERROR(IF(AND('Data Entry'!$B18>0,'Data Entry'!$C18>0,'Data Entry'!$L18>0,'Data Entry'!M18>0),('Data Entry'!$C18-'Data Entry'!$B18)/AVERAGE('Data Entry'!$L18,'Data Entry'!$M18),""),"") -> 2.9411765 | N17: =SUM($M$10:$M17) -> 20.475514 | O17: =('Data Entry'!$C18-'Data Entry'!$B$11)/(SUM($M$10:$M17)) -> 205.12305
B18: =CONCATENATE('Data Entry'!B19, " - ",'Data Entry'!C19) -> 6000 - 6500 | C18: =IF('Data Entry'!D19="","",'Data Entry'!D19) -> Glorietta | D18: =IF('Data Entry'!E19="","",'Data Entry'!E19) -> Cherty Dolomite, Limestone, Sands | E18: =IF(AND('Data Entry'!F19>0,'Data Entry'!G19>0),CONCATENATE('Data Entry'!F19," - ",'Data Entry'!G19),CONCATENATE('Data Entry'!F19,'Data Entry'!G19)) -> 55 | F18: =IF(AND('Data Entry'!H19>0,'Data Entry'!I19>0),CONCATENATE('Data Entry'!H19," - ",'Data Entry'!I19),CONCATENATE('Data Entry'!H19,'Data Entry'!I19)) -> 60 - 80 | G18: =IF(AND('Data Entry'!J19>0,'Data Entry'!K19>0),CONCATENATE('Data Entry'!J19," - ",'Data Entry'!K19),CONCATENATE('Data Entry'!J19,'Data Entry'!K19)) -> 204 - 224 | H18: =IF('Data Entry'!N19="","",'Data Entry'!N19) -> 900 | I18: =IF(AND('Data Entry'!L19>0,'Data Entry'!M19>0),CONCATENATE('Data Entry'!L19," - ",'Data Entry'!M19),CONCATENATE('Data Entry'!L19,'Data Entry'!M19)) -> 180 - 200 | K18: =IFERROR(AVERAGE('Data Entry'!L19,'Data Entry'!M19),"") -> 190 | M18: =IFERROR(IF(AND('Data Entry'!$B19>0,'Data Entry'!$C19>0,'Data Entry'!$L19>0,'Data Entry'!M19>0),('Data Entry'!$C19-'Data Entry'!$B19)/AVERAGE('Data Entry'!$L19,'Data Entry'!$M19),""),"") -> 2.6315789 | N18: =SUM($M$10:$M18) -> 23.107093 | O18: =('Data Entry'!$C19-'Data Entry'!$B$11)/(SUM($M$10:$M18)) -> 203.40075
B19: =CONCATENATE('Data Entry'!B20, " - ",'Data Entry'!C20) -> 6500 - 7000 | C19: =IF('Data Entry'!D20="","",'Data Entry'!D20) -> Tubb | D19: =IF('Data Entry'!E20="","",'Data Entry'!E20) -> Limestone | E19: =IF(AND('Data Entry'!F20>0,'Data Entry'!G20>0),CONCATENATE('Data Entry'!F20," - ",'Data Entry'!G20),CONCATENATE('Data Entry'!F20,'Data Entry'!G20)) -> 52 | F19: =IF(AND('Data Entry'!H20>0,'Data Entry'!I20>0),CONCATENATE('Data Entry'!H20," - ",'Data Entry'!I20),CONCATENATE('Data Entry'!H20,'Data Entry'!I20)) -> 60 - 70 | G19: =IF(AND('Data Entry'!J20>0,'Data Entry'!K20>0),CONCATENATE('Data Entry'!J20," - ",'Data Entry'!K20),CONCATENATE('Data Entry'!J20,'Data Entry'!K20)) -> 220 - 230 | H19: =IF('Data Entry'!N20="","",'Data Entry'!N20) -> 1000 | I19: =IF(AND('Data Entry'!L20>0,'Data Entry'!M20>0),CONCATENATE('Data Entry'!L20," - ",'Data Entry'!M20),CONCATENATE('Data Entry'!L20,'Data Entry'!M20)) -> 180 - 200 | K19: =IFERROR(AVERAGE('Data Entry'!L20,'Data Entry'!M20),"") -> 190 | M19: =IFERROR(IF(AND('Data Entry'!$B20>0,'Data Entry'!$C20>0,'Data Entry'!$L20>0,'Data Entry'!M20>0),('Data Entry'!$C20-'Data Entry'!$B20)/AVERAGE('Data Entry'!$L20,'Data Entry'!$M20),""),"") -> 2.6315789 | N19: =SUM($M$10:$M19) -> 25.738672 | O19: =('Data Entry'!$C20-'Data Entry'!$B$11)/(SUM($M$10:$M19)) -> 202.03063
B20: =CONCATENATE('Data Entry'!B21, " - ",'Data Entry'!C21) -> 7000 - 7500 | C20: =IF('Data Entry'!D21="","",'Data Entry'!D21) -> Upper Clearfork | D20: =IF('Data Entry'!E21="","",'Data Entry'!E21) | E20: =IF(AND('Data Entry'!F21>0,'Data Entry'!G21>0),CONCATENATE('Data Entry'!F21," - ",'Data Entry'!G21),CONCATENATE('Data Entry'!F21,'Data Entry'!G21)) -> 48 | F20: =IF(AND('Data Entry'!H21>0,'Data Entry'!I21>0),CONCATENATE('Data Entry'!H21," - ",'Data Entry'!I21),CONCATENATE('Data Entry'!H21,'Data Entry'!I21)) -> 60 - 70 | G20: =IF(AND('Data Entry'!J21>0,'Data Entry'!K21>0),CONCATENATE('Data Entry'!J21," - ",'Data Entry'!K21),CONCATENATE('Data Entry'!J21,'Data Entry'!K21)) -> 220 - 230 | H20: =IF('Data Entry'!N21="","",'Data Entry'!N21) -> 1000 | I20: =IF(AND('Data Entry'!L21>0,'Data Entry'!M21>0),CONCATENATE('Data Entry'!L21," - ",'Data Entry'!M21),CONCATENATE('Data Entry'!L21,'Data Entry'!M21)) -> 160 - 180 | K20: =IFERROR(AVERAGE('Data Entry'!L21,'Data Entry'!M21),"") -> 170 | M20: =IFERROR(IF(AND('Data Entry'!$B21>0,'Data Entry'!$C21>0,'Data Entry'!$L21>0,'Data Entry'!M21>0),('Data Entry'!$C21-'Data Entry'!$B21)/AVERAGE('Data Entry'!$L21,'Data Entry'!$M21),""),"") -> 2.9411765 | N20: =SUM($M$10:$M20) -> 28.679849 | O20: =('Data Entry'!$C21-'Data Entry'!$B$11)/(SUM($M$10:$M20)) -> 198.74582
B21: =CONCATENATE('Data Entry'!B22, " - ",'Data Entry'!C22) -> 7500 - 8000 | C21: =IF('Data Entry'!D22="","",'Data Entry'!D22) -> Clearfork | D21: =IF('Data Entry'!E22="","",'Data Entry'!E22) -> Limestone | E21: =IF(AND('Data Entry'!F22>0,'Data Entry'!G22>0),CONCATENATE('Data Entry'!F22," - ",'Data Entry'!G22),CONCATENATE('Data Entry'!F22,'Data Entry'!G22)) -> 50 | F21: =IF(AND('Data Entry'!H22>0,'Data Entry'!I22>0),CONCATENATE('Data Entry'!H22," - ",'Data Entry'!I22),CONCATENATE('Data Entry'!H22,'Data Entry'!I22)) -> 60 - 70 | G21: =IF(AND('Data Entry'!J22>0,'Data Entry'!K22>0),CONCATENATE('Data Entry'!J22," - ",'Data Entry'!K22),CONCATENATE('Data Entry'!J22,'Data Entry'!K22)) -> 220 - 230 | H21: =IF('Data Entry'!N22="","",'Data Entry'!N22) -> 1000 | I21: =IF(AND('Data Entry'!L22>0,'Data Entry'!M22>0),CONCATENATE('Data Entry'!L22," - ",'Data Entry'!M22),CONCATENATE('Data Entry'!L22,'Data Entry'!M22)) -> 170 - 190 | K21: =IFERROR(AVERAGE('Data Entry'!L22,'Data Entry'!M22),"") -> 180 | M21: =IFERROR(IF(AND('Data Entry'!$B22>0,'Data Entry'!$C22>0,'Data Entry'!$L22>0,'Data Entry'!M22>0),('Data Entry'!$C22-'Data Entry'!$B22)/AVERAGE('Data Entry'!$L22,'Data Entry'!$M22),""),"") -> 2.7777778 | N21: =SUM($M$10:$M21) -> 31.457626 | O21: =('Data Entry'!$C22-'Data Entry'!$B$11)/(SUM($M$10:$M21)) -> 197.09052
... B25: =CONCATENATE('Data Entry'!B26, " - ",'Data Entry'!C26) -> 9500 - 10000 | C25: =IF('Data Entry'!D26="","",'Data Entry'!D26) -> Wolfcamp | D25: =IF('Data Entry'!E26="","",'Data Entry'!E26) -> Sand, Shale, Lime | E25: =IF(AND('Data Entry'!F26>0,'Data Entry'!G26>0),CONCATENATE('Data Entry'!F26," - ",'Data Entry'!G26),CONCATENATE('Data Entry'!F26,'Data Entry'!G26)) -> 45 | F25: =IF(AND('Data Entry'!H26>0,'Data Entry'!I26>0),CONCATENATE('Data Entry'!H26," - ",'Data Entry'!I26),CONCATENATE('Data Entry'!H26,'Data Entry'!I26)) -> 60 - 70 | G25: =IF(AND('Data Entry'!J26>0,'Data Entry'!K26>0),CONCATENATE('Data Entry'!J26," - ",'Data Entry'!K26),CONCATENATE('Data Entry'!J26,'Data Entry'!K26)) -> 220 - 230 | H25: =IF('Data Entry'!N26="","",'Data Entry'!N26) -> 1000 | I25: =IF(AND('Data Entry'!L26>0,'Data Entry'!M26>0),CONCATENATE('Data Entry'!L26," - ",'Data Entry'!M26),CONCATENATE('Data Entry'!L26,'Data Entry'!M26)) -> 120 - 140 | K25: =IFERROR(AVERAGE('Data Entry'!L26,'Data Entry'!M26),"") -> 130 | M25: =IFERROR(IF(AND('Data Entry'!$B26>0,'Data Entry'!$C26>0,'Data Entry'!$L26>0,'Data Entry'!M26>0),('Data Entry'!$C26-'Data Entry'!$B26)/AVERAGE('Data Entry'!$L26,'Data Entry'!$M26),""),"") -> 3.8461538 | N25: =SUM($M$10:$M25) -> 45.816601 | O25: =('Data Entry'!$C26-'Data Entry'!$B$11)/(SUM($M$10:$M25)) -> 178.97443
M26: =SUM(M$10:M$25) -> 45.816601 | O26: =('Data Entry'!$C$26-'Data Entry'!$B$11)/$M$26 -> 178.97443
M27: =$M$26/24 -> 1.909025
O72: =IF('Data Entry'!$B$5="","",'Data Entry'!$B$5) -> 6653

Sheet Data Entry
B2: Roadmap --- Ø 12-1/4" 616-SR+9(K)(BR)
B4: Midland Basin --- Intermediate Interval
B5: 6653
P6: Calc. for Chart
P7: DO NOT MODIFY
N8: 0.16
B9: Hole Depth | D9: Formation | E9: Characteristics | F9: WOB | H9: Rotary rpm | J9: Σ rpm | L9: ROP | N9: Flow | P9: Depth | Q9: ROP | R9: hrs
B10: in | C10: out | F10: Low | G10: High | H10: Low | I10: High | J10: Low | K10: High | L10: Low | M10: High | N10: (GPM) | P10: ='Data Entry'!B11 -> 1800 | Q10: ='Data Entry'!M11 -> 320 | R10: 0
B11: 1800 | C11: 2500 | D11: Rustler | F11: 35 | H11: 60 | I11: 80 | J11: =ROUND('Data Entry'!$H11+('Data Entry'!$N11*'Data Entry'!$N$8),0) -> 220 | K11: =ROUND('Data Entry'!$I11+('Data Entry'!$N11*'Data Entry'!$N$8),0) -> 240 | L11: 300 | M11: 320 | N11: 1000 | P11: ='Data Entry'!C11 -> 2500 | Q11: ='Data Entry'!M11 -> 320 | R11: =Roadmap!N10 -> 2.2580645
B12: 2500 | C12: =C11+500 -> 3000 | D12: Salado | F12: 42 | H12: 60 | I12: 80 | J12: =ROUND('Data Entry'!$H12+('Data Entry'!$N12*'Data Entry'!$N$8),0) -> 220 | K12: =ROUND('Data Entry'!$I12+('Data Entry'!$N12*'Data Entry'!$N$8),0) -> 240 | L12: 300 | M12: 320 | N12: 1000 | P12: ='Data Entry'!C12 -> 3000 | Q12: ='Data Entry'!M12 -> 320 | R12: =Roadmap!N11 -> 3.8709677
B13: =B12+500 -> 3000 | C13: =C12+500 -> 3500 | D13: Yates | E13: Anhydrite, Salt | F13: 40 | H13: 60 | I13: 70 | J13: =ROUND('Data Entry'!$H13+('Data Entry'!$N13*'Data Entry'!$N$8),0) -> 220 | K13: =ROUND('Data Entry'!$I13+('Data Entry'!$N13*'Data Entry'!$N$8),0) -> 230 | L13: 260 | M13: 280 | N13: 1000 | P13: ='Data Entry'!C13 -> 3500 | Q13: ='Data Entry'!M13 -> 280 | R13: =Roadmap!N12 -> 5.7228196
B14: =B13+500 -> 3500 | C14: =C13+500 -> 4000 | D14: Seven Rivers | E14: Sand, w/ Anhydrite Stringers, Shale | F14: 44 | H14: 60 | I14: 70 | J14: =ROUND('Data Entry'!$H14+('Data Entry'!$N14*'Data Entry'!$N$8),0) -> 220 | K14: =ROUND('Data Entry'!$I14+('Data Entry'!$N14*'Data Entry'!$N$8),0) -> 230 | L14: 220 | M14: 240 | N14: 1000 | P14: ='Data Entry'!C14 -> 4000 | Q14: ='Data Entry'!M14 -> 240 | R14: =Roadmap!N13 -> 7.8967326
B15: =B14+500 -> 4000 | C15: =C14+500 -> 4500 | D15: Transition Zone | E15: Can be Lime stringers | F15: 50 | H15: 40 | I15: 60 | J15: =ROUND('Data Entry'!$H15+('Data Entry'!$N15*'Data Entry'!$N$8),0) -> 184 | K15: =ROUND('Data Entry'!$I15+('Data Entry'!$N15*'Data Entry'!$N$8),0) -> 204 | L15: 150 | M15: 170 | N15: 900 | P15: ='Data Entry'!C15 -> 4500 | Q15: ='Data Entry'!M15 -> 170 | R15: =Roadmap!N14 -> 11.021733
B16: =B15+500 -> 4500 | C16: =C15+500 -> 5000 | D16: Queen | E16: Sand, w/ Anhydrite Stringers, Shale | F16: 46 | H16: 60 | I16: 70 | J16: =ROUND('Data Entry'!$H16+('Data Entry'!$N16*'Data Entry'!$N$8),0) -> 204 | K16: =ROUND('Data Entry'!$I16+('Data Entry'!$N16*'Data Entry'!$N$8),0) -> 214 | L16: 160 | M16: 180 | N16: 900 | P16: ='Data Entry'!C16 -> 5000 | Q16: ='Data Entry'!M16 -> 180 | R16: =Roadmap!N15 -> 13.962909
B17: =B16+500 -> 5000 | C17: =C16+500 -> 5500 | D17: Grayburg | E17: Dolomite - Hard cap (Can be Cherty) | F17: 49 | H17: 40 | I17: 60 | J17: =ROUND('Data Entry'!$H17+('Data Entry'!$N17*'Data Entry'!$N$8),0) -> 184 | K17: =ROUND('Data Entry'!$I17+('Data Entry'!$N17*'Data Entry'!$N$8),0) -> 204 | L17: 130 | M17: 150 | N17: 900 | P17: ='Data Entry'!C17 -> 5500 | Q17: ='Data Entry'!M17 -> 150 | R17: =Roadmap!N16 -> 17.534338
B18: =B17+500 -> 5500 | C18: =C17+500 -> 6000 | D18: San Andres & Holt | E18: Dolomite - Hard cap (Can be Cherty) | F18: 52 | H18: 50 | I18: 60 | J18: =ROUND('Data Entry'!$H18+('Data Entry'!$N18*'Data Entry'!$N$8),0) -> 194 | K18: =ROUND('Data Entry'!$I18+('Data Entry'!$N18*'Data Entry'!$N$8),0) -> 204 | L18: 160 | M18: 180 | N18: 900 | P18: ='Data Entry'!C18 -> 6000 | Q18: ='Data Entry'!M18 -> 180 | R18: =Roadmap!N17 -> 20.475514
B19: =B18+500 -> 6000 | C19: =C18+500 -> 6500 | D19: Glorietta | E19: Cherty Dolomite, Limestone, Sands | F19: 55 | H19: 60 | I19: 80 | J19: =ROUND('Data Entry'!$H19+('Data Entry'!$N19*'Data Entry'!$N$8),0) -> 204 | K19: =ROUND('Data Entry'!$I19+('Data Entry'!$N19*'Data Entry'!$N$8),0) -> 224 | L19: 180 | M19: 200 | N19: 900 | P19: ='Data Entry'!C19 -> 6500 | Q19: ='Data Entry'!M19 -> 200 | R19: =Roadmap!N18 -> 23.107093
B20: =B19+500 -> 6500 | C20: =C19+500 -> 7000 | D20: Tubb | E20: Limestone | F20: 52 | H20: 60 | I20: 70 | J20: =ROUND('Data Entry'!$H20+('Data Entry'!$N20*'Data Entry'!$N$8),0) -> 220 | K20: =ROUND('Data Entry'!$I20+('Data Entry'!$N20*'Data Entry'!$N$8),0) -> 230 | L20: 180 | M20: 200 | N20: 1000 | P20: ='Data Entry'!C20 -> 7000 | Q20: ='Data Entry'!M20 -> 200 | R20: =Roadmap!N19 -> 25.738672
B21: =B20+500 -> 7000 | C21: =C20+500 -> 7500 | D21: Upper Clearfork | F21: 48 | H21: 60 | I21: 70 | J21: =ROUND('Data Entry'!$H21+('Data Entry'!$N21*'Data Entry'!$N$8),0) -> 220 | K21: =ROUND('Data Entry'!$I21+('Data Entry'!$N21*'Data Entry'!$N$8),0) -> 230 | L21: 160 | M21: 180 | N21: 1000 | P21: ='Data Entry'!C21 -> 7500 | Q21: ='Data Entry'!M21 -> 180 | R21: =Roadmap!N20 -> 28.679849
B22: =B21+500 -> 7500 | C22: =C21+500 -> 8000 | D22: Clearfork | E22: Limestone | F22: 50 | H22: 60 | I22: 70 | J22: =ROUND('Data Entry'!$H22+('Data Entry'!$N22*'Data Entry'!$N$8),0) -> 220 | K22: =ROUND('Data Entry'!$I22+('Data Entry'!$N22*'Data Entry'!$N$8),0) -> 230 | L22: 170 | M22: 190 | N22: 1000 | P22: ='Data Entry'!C22 -> 8000 | Q22: ='Data Entry'!M22 -> 190 | R22: =Roadmap!N21 -> 31.457626
B23: =B22+500 -> 8000 | C23: =C22+500 -> 8500 | D23: Wichita Albany | E23: Lime, Dolomite | F23: 46 | H23: 50 | I23: 60 | J23: =ROUND('Data Entry'!$H23+('Data Entry'!$N23*'Data Entry'!$N$8),0) -> 194 | K23: =ROUND('Data Entry'!$I23+('Data Entry'!$N23*'Data Entry'!$N$8),0) -> 204 | L23: 140 | M23: 160 | N23: 900 | P23: ='Data Entry'!C23 -> 8500 | Q23: ='Data Entry'!M23 -> 160 | R23: =Roadmap!N22 -> 34.79096
B24: =B23+500 -> 8500 | C24: =C23+500 -> 9000 | D24: Sprayberry | E24: Shaley Sand | F24: 48 | H24: 60 | I24: 80 | J24: =ROUND('Data Entry'!$H24+('Data Entry'!$N24*'Data Entry'!$N$8),0) -> 220 | K24: =ROUND('Data Entry'!$I24+('Data Entry'!$N24*'Data Entry'!$N$8),0) -> 240 | L24: 140 | M24: 160 | N24: 1000 | P24: ='Data Entry'!C24 -> 9000 | Q24: ='Data Entry'!M24 -> 160 | R24: =Roadmap!N23 -> 38.124293
B25: =B24+500 -> 9000 | C25: =C24+500 -> 9500 | D25: Dean | F25: 45 | H25: 60 | I25: 80 | J25: =ROUND('Data Entry'!$H25+('Data Entry'!$N25*'Data Entry'!$N$8),0) -> 220 | K25: =ROUND('Data Entry'!$I25+('Data Entry'!$N25*'Data Entry'!$N$8),0) -> 240 | L25: 120 | M25: 140 | N25: 1000 | P25: ='Data Entry'!C25 -> 9500 | Q25: ='Data Entry'!M25 -> 140 | R25: =Roadmap!N24 -> 41.970447
B26: =B25+500 -> 9500 | C26: =C25+500 -> 10000 | D26: Wolfcamp | E26: Sand, Shale, Lime | F26: 45 | H26: 60 | I26: 70 | J26: =ROUND('Data Entry'!$H26+('Data Entry'!$N26*'Data Entry'!$N$8),0) -> 220 | K26: =ROUND('Data Entry'!$I26+('Data Entry'!$N26*'Data Entry'!$N$8),0) -> 230 | L26: 120 | M26: 140 | N26: 1000 | P26: ='Data Entry'!C26 -> 10000 | Q26: ='Data Entry'!M26 -> 140 | R26: =Roadmap!N25 -> 45.816601
